A.N. Rajagopalan,[IIT Madras]
Aaron Hertzmann,"[Unknown, Adobe Research, Adobe]"
Abby Stylianou,[Unknown]
Abhinav Gupta,"[Unknown, CMU/FAIR, Carnegie Mellon University, Carnegie Mellon University Robotics Institute]"
Abhinav Shrivastava,"[Unknown, University of Maryland]"
Adrian Barbu,[Florida State University]
Adrian Hilton,[nan]
Adriana Kovashka,"[Unknown, University of Pittsburgh]"
Adriana Romero,[FAIR]
Adrien Bartoli,[Unknown]
Aishwarya Agrawal,"[University of Montreal, Mila, DeepMind]"
Ajay Kumar,[The Hong Kong Polytechnic University]
Ajmal Mian,[University of Western Australia]
Akihiro Sugimoto,"[NII, nan]"
Aleix Martinez,"[The Ohio State University, OSU]"
Alejandro F. Frangi,[Unknown]
Alejandro Frangi,[University of Leeds]
Ales Leonardis,[University of Birmingham]
Alessio Del Bue,"[Italian Institute of Technology (IIT), nan]"
Alex Bronstein,[nan]
Alex Schwing,"[Unknown, University of Illinois at Urbana-Champaign]"
Alexander Berg,[University of North Carolina]
Alexander C. Berg,[Unknown]
Alexander Kirillov,"[Unknown, Facebook AI Reserach, Facebook AI Research]"
Alexander Schwing,[UIUC]
Alexander T Toshev,[Unknown]
Alexander Toshev,[Google]
Alexandre Alahi,"[Unknown, EPFL]"
Alexei Efros,[UC Berkeley]
Alexey Dosovitskiy,[Google]
Aleš Leonardis,[University of Birmingham]
Ali Farhadi,"[University of Washington, University of Washington, Allen Institute for Artificial Intelligence]"
Alireza Fathi,"[Unknown, Google]"
Amir Zamir,"[Unknown, Swiss Federal Institute of Technology (EPFL), Stanford & EPFL]"
Amit K. Roy-Chowdhury,"[University of California, Riverside]"
Amit Roy-Chowdhury,[Unknown]
Andre Araujo,[Unknown]
Andrea Tagliasacchi,[Unknown]
Andrea Vedaldi,[Unknown]
Andreas Geiger,"[University of Tübingen, University of Tuebingen, MPI-IS and University of Tuebingen, nan]"
Andrew Davison,"[Imperial College London, nan]"
Andrew Fitzgibbon,[Microsoft]
Andrew Owens,"[Unknown, University of Michigan, U Michigan]"
Andrew Zisserman,"[University of Oxford, nan]"
Angel Chang,"[Simon Fraser University, SFU]"
Angel X Chang,[Unknown]
Angela Dai,[Technical University of Munich]
Angela Yao,[National University of Singapore]
Angjoo Kanazawa,"[Unknown, University of California Berkeley]"
Anh Tran,[VinAI]
Anh Tuan Tran,[Unknown]
Animesh Garg,"[University of Toronto, Vector Institute, Nvidia]"
Aniruddha Kembhavi,"[Unknown, Allen Institute for Artificial Intelligence]"
Anna Rohrbach,[UC Berkeley]
Anpei Chen,[Unknown]
Anthony Hoogs,"[Unknown, Kitware]"
Anton Milan,[nan]
Anton Van Den Hengel,[University of Adelaide]
Anton van den Hengel,[nan]
Antoni B. Chan,[Unknown]
Antoni Chan,"[City University of Hong Kong, Hong, Kong, nan]"
Antonino Furnari,[University of Catania]
Antonio Torralba,[MIT]
Antonis Argyros,[nan]
Anurag Arnab,[Unknown]
Anurag Mittal,[Indian Institute of Technology Madras]
Armand Joulin,[nan]
Arsha Nagrani,"[Unknown, Google]"
Arun Mallya,"[Unknown, NVIDIA]"
Asako Kanezaki,"[Unknown, Tokyo Institute of Technology]"
Ashok Veeraraghavan,[Rice University]
Aswin C. Sankaranarayanan,[Unknown]
Aswin Sankaranarayanan,[Carnegie Mellon University]
Atsuto Maki,[KTH Royal Institute of Technology]
Aude Oliva,[MIT]
Ayan Chakrabarti,"[Unknown, Washington University in St. Louis, Google Research, nan]"
Ayellet Tal,[Technion]
Barbara Caputo,"[Politecnico di Torino, nan]"
Bastian Leibe,"[Unknown, RWTH Aachen University, RWTH Aachen University-]"
Basura Fernando,"[Agency for Science, Technology and Research, Singapore]"
Ben Mildenhall,[Unknown]
Benjamin Kimia,[USA]
Bernard Ghanem,"[KAUST, nan]"
Bernt Schiele,"[Unknown, MPI Informatics, nan]"
Bharath Hariharan,"[Cornell University, nan]"
Bill Freeman,[MIT and Google Research]
Bin Fan,[Unknown]
Bing Su,[Unknown]
Bingbing Ni,"[Unknown, nan]"
Bjorn Ommer,[Heidelberg University]
Bjorn Stenger,[Rakuten Institute of Technology]
Björn Ommer,[Unknown]
Bo Li,"[Unknown, UIUC]"
Bohyung Han,"[Unknown, Seoul National University, nan]"
Bolei Zhou,"[CUHK, UCLA]"
Boqing Gong,"[Unknown, Tencent, Google / ICSI Berkeley, Google, nan]"
Boxin Shi,[Peking University]
Brendan Morris,[UNLV]
Brian L. Price,[Unknown]
Brian Price,[Adobe]
Bryan A. Plummer,[Unknown]
Bryan Russell,"[Unknown, Adobe Research]"
Bumsub Ham,[Yonsei University]
C. V. Jawahar,[nan]
C.V. Jawahar,"[Unknown, IIIT-Hyderabad]"
CV Jawahar,[IIIT-Hyderabad]
Caiming Xiong,[Salesforce Research]
Camille Couprie,[nan]
Camillo J. Taylor,[University of Pennsylvania]
Camillo Jose Taylor,"[Unknown, University of Pennsylvania]"
Camillo Taylor,[University of Pennsylvania]
Carl Doersch,[nan]
Carl Olsson,"[Lund University, Sweden]"
Carl Vondrick,[Columbia University]
Caroline Pantofaru,[Google]
Carsten Rother,"[University of Heidelberg, nan]"
Ce Liu,"[Unknown, nan, Google]"
Cees G. M. Snoek,[Unknown]
Cees Snoek,"[University of Amsterdam, nan]"
Cewu Lu,"[Unknown, Shanghai Jiao Tong University]"
Cha Zhang,[Microsoft Research]
Chang D. Yoo,[nan]
Chang Xu,[Unknown]
Chao Chen,[Stony Brook University]
Chao-Yuan Wu,[Unknown]
Chaohui Wang,"[Unknown, Laboratoire d'Informatique Gaspard Monge, Université Paris-Est]"
Chaowei Xiao,[Unknown]
Charles R. Qi,[Waymo LLC]
Charless Fowlkes,"[Unknown, UC Irvine, nan]"
Chen Change Loy,"[Unknown, Nanyang Technological University]"
Chen Chen,[University of Central Florida]
Chen Feng,[New York University]
Chen Mei,[Microsoft]
Chen Sun,"[Unknown, Brown University, Google]"
Chen Wang,[Unknown]
ChenChange Loy,[Nanyang Technological University]
Cheng Deng,"[Unknown, Xidian University]"
Cheng-Lin Liu,[Institute of Automation of Chinese Academy of Sciences]
Chengjiang Long,[Unknown]
Chetan Arora,[Unknown]
Chi-Keung Tang,"[Hong Kong University of Science and Technology, nan]"
Chong Luo,[Unknown]
Christian Richardt,[Meta]
Christian Rupprecht,[Unknown]
Christian Theobalt,[MPI Informatik]
Christian Wolf,"[INSA Lyon, France]"
Christoph Feichtenhofer,"[Unknown, Facebook AI Research]"
Christoph Lampert,[IST Austria]
Christopher Pal,"[École Polytechnique de Montréal, Ecole Polytechnique de Montreal, nan]"
Chuang Gan,"[Unknown, MIT-IBM Watson AI Lab]"
Chuhang Zou,[Unknown]
Chun-Guang Li,[Beijing University of Posts & Telecommunications]
Chunhua Shen,[Zhejiang University]
Chunyu Wang,[Unknown]
Cihang Xie,"[Unknown, University of California, Santa Cruz]"
Concetto Spampinato,[University of Catania]
Cordelia Schmid,"[Unknown, Inria/Google, nan]"
Cornelia Fermuller,"[University of Maryland, College Park]"
Cristian Canton Ferrer,[Unknown]
Cuiling Lan,[Unknown]
Da-Cheng Juan,[Unknown]
Dahua Lin,[The Chinese University of Hong Kong]
Dahun Kim,[Unknown]
Dan Casas,[Universidad Rey Juan Carlos]
Dan Stoyanov,[University College London]
Dan Xu,[Unknown]
Daniel Cremers,[TU Munich]
Daniel Rueckert,[Imperial College London]
Daniel Scharstein,[Unknown]
Daphna Weinshall,[Hebrew University]
David B. Lindell,[Unknown]
David Crandall,"[Indiana University, nan]"
David Fleet,"[University of Toronto, nan]"
David Forsyth,"[Unknown, University of Illinois at Urbana-Champaign, University of Illinois Urbana-Champaign, nan]"
David Fouhey,"[Unknown, University of Michigan]"
David Gu,[Unknown]
David Hafner,[Apple]
David Jacobs,"[University of Maryland, University of Maryland, USA]"
David Kriegman,"[UCSD, nan]"
David Novotny,"[Unknown, Facebook AI Research]"
David Wipf,"[Microsoft Research, Microsoft Research Asia]"
Deepak Pathak,"[Unknown, UC Berkeley]"
Deepti Ghadiyaram,[Facebook]
Demian Wassermann,[INRIA]
Deng-Ping Fan,[Unknown]
Dengxin Dai,"[MPI for Informatics, ETH Zurich]"
Deqing Sun,"[Unknown, Google, NVIDIA]"
Derek Hoiem,"[Unknown, University of Illinois at Urbana-Champaign]"
Deva Ramanan,"[Unknown, Carnegie Mellon University, CMU]"
Deyu Meng,[Xi'an Jiaotong University]
Dhruv Mahajan,[Unknown]
Di He,[Unknown]
Di Huang,[Beihang University]
Diane Larlus,"[Naver Labs Europe, nan]"
Dilip Krishnan,[Google]
Dim Papadopoulos,[Unknown]
Dima Damen,"[Unknown, University of Bristol]"
Dimitris Metaxas,[Rutgers]
Dimitris Samaras,"[Unknown, Stony Brook Univ., Stony Brook University, nan]"
Dimosthenis Karatzas,"[Unknown, Computer Vision Centre]"
Dinesh Jayaraman,[University of Pennsylvania]
Dinesh Manocha,[University of North Carolina at Chapel Hill]
Dong Chen,"[Unknown, Microsoft Research Asia]"
Dong Xu,[The University of Hong Kong]
Dongdong Chen,"[Unknown, Microsoft Cloud AI]"
Eddy Ilg,[Unknown]
Edmond Boyer,"[Unknown, Inria, nan]"
Efstratios Gavves,"[Unknown, University of Amsterdam]"
Ehsan Abbasnejad,[Unknown]
Ehsan Adeli,"[Unknown, Stanford University]"
Eli Shechtman,"[Adobe Research, US, nan]"
Emanuele Rodola,[Sapienza University of Rome]
Emanuele Rodolà,[Unknown]
Emily Hand,"[University of Nevada, Reno]"
Emily Morgan Hand,[Unknown]
Ender Konukoglu,[ETH Zurich]
Erik Learned-Miller,"[University of Massachusetts, Amherst]"
Erik Sudderth,"[University of California, Irvine]"
Ersin Yumer,[Uber ATG]
Esube Bekele,[In-Q-Tel]
Evan Shelhamer,"[Unknown, Adobe Research]"
Evangelos Kalogerakis,"[Unknown, UMass Amherst]"
Fabio Galasso,[Unknown]
Fahad Khan,[Unknown]
Fahad Shahbaz Khan,[MBZUAI]
Fatih Porikli,"[Qualcomm CR&D, Australian National University]"
Fatma Guney,"[Unknown, Koc University]"
Fatma Guny,[Koc University]
Federico Tombari,[Unknown]
Fei Sha,"[Unknown, USC]"
Fei-Fei Li,[Stanford]
Feng Liu,[Portland State University]
Feng Lu,"[Unknown, Beihang University]"
Feng Xu,[Tsinghua University]
Feng Yang,[Google]
Fernando De la Torre,[Unknown]
Fernando de la Torre,[Carnegie Mellon]
Fisher Yu,[Unknown]
Florian Bernard,[University of Bonn]
Francesc Moreno,[IRI]
Francesc Moreno-Noguer,[Unknown]
Francesca Odone,[nan]
Francois Fleuret,[nan]
Frederic Jurie,"[University of Caen Normandie, University of Caen, nan]"
Fredrik Kahl,"[Unknown, Chalmers, nan]"
Friedrich Fraundorfer,[Graz University of Technology]
From Tran,[Samsung Research America]
Fuxin Li,[Oregon State University]
Gabriel Brostow,[University College London]
Gang Hua,"[Unknown, Wormpex AI Research]"
Gang Wang,[nan]
Gao Huang,[Tsinghua]
Georg Langs,[Medical University of Vienna]
Georgia Gkioxari,"[Unknown, Facebook AI Resaerch, Facebook, Facebook AI Research, Caltech]"
Georgios Pavlakos,"[UC Berkeley, University of Pennsylvania]"
Georgios Tzimiropoulos,"[Unknown, Queen Mary University of London]"
Gerard Medioni,[nan]
Gerard Pons-Moll,"[Unknown, University of Tübingen, MPII, Germany]"
Gim Hee Lee,[National University of Singapore]
Giovanni Farinella,"[University of Catania, University of Catania, Italy]"
Giovanni Maria Farinella,"[Unknown, University of Catania, Italy, nan]"
Golnaz Ghiasi,"[Unknown, Google Brain]"
Gordon Wetzstein,[Unknown]
Greg Mori,"[Borealis AI / SFU, nan]"
Greg Shakhnarovich,"[Unknown, TTI-Chicago]"
Gregory D. Hager,[The Johns Hopkins University]
Gregory Hager,[The Johns Hopkins University]
Gul Varol,"[Ecole des Ponts ParisTech, University of Oxford]"
Gunhee Kim,"[Unknown, Seoul National University, nan]"
Guo-Jun Qi,[OPPO Research / Westlake University]
Guofeng Zhang,"[Unknown, Zhejiang University]"
Gustavo Carneiro,"[Unknown, University of Adelaide]"
Gül Varol,[Unknown]
HONGDONG LI,"[Australian National University, Australian National University, Australia]"
Haibin Ling,"[Stony Brook University, Temple University]"
Hailin Jin,[Adobe Research]
Hajime Nagahara,"[Osaka University, nan]"
Hakan Bilen,[University of Edinburgh]
Hamed Pirsiavash,"[Unknown, University of Maryland, Baltimore County, University of California Davis]"
Hamid Rezatofighi,"[Unknown, Monash University, Stanford University & University of Adelaide]"
Han Hu,[Microsoft Research Asia]
Hanbyul Joo,"[Unknown, Seoul National University]"
Hao Dong,[Unknown]
Hao Su,"[UCSD, UC San Diego, nan]"
Hao Wang,[Rutgers University]
Hao Zhang,[Simon Fraser University]
Haoxiang Li,[Wormpex AI Research]
Harpreet Sawhney,[Microsoft]
Hazel Doughty,[University of Amsterdam]
He Wang,[Peking University]
Hedvig Kjellström,[KTH Royal Institute of Technology]
Helge Rhodin,"[Unknown, UBC]"
Heng Wang,[TikTok]
Hengshuang Zhao,[Unknown]
Herve Jegou,"[Unknown, Facebook AI Research]"
Hideki Nakayama,[The University of Tokyo]
Hilde Kuehne,"[Unknown, IBM, University of Bonn]"
Hilde Kühne,[Goethe University Frankfurt]
Hiroshi Ishikawa,[nan]
Hiroshi Kawasaki,"[Unknown, Kyushu University, Kyushu Univ.]"
Holger Caesar,[Motional]
Hong Zhang,[University of Alberta]
Hong-Yuan Mark Liao,[Unknown]
Hongbin Zha,"[Peking University, China, nan]"
Hongdong Li,"[Unknown, Australian National University, Australia, nan]"
Hongkai Xiong,[Shanghai Jiao Tong University]
Honglak Lee,[nan]
Hongsheng Li,"[Unknown, The Chinese University of Hong Kong]"
Hongyang Li,[Unknown]
Horst Bischof,[Graz University of Technology]
Hsin-Ying Lee,[Unknown]
Huaizu Jiang,[Unknown]
Huchuan Lu,"[Dalian University of Technology, nan]"
Huijuan Xu,[Unknown]
Huimin Ma,[Tsinghua University]
Huiwen Chang,"[Unknown, Google Research]"
Humphrey Shi,[U of Oregon | UIUC]
Hung-Yu Tseng,[Unknown]
Hwann-Tzong Chen,[Unknown]
Hyun Soo Park,[The University of Minnesota]
Ian Reid,"[Unknown, University of Adelaide, University of Adelaide, Australia, nan]"
Iasonas Kokkinos,"[Snap / University College London, Ariel AI / University College London, UCL]"
Ilke Demir,[Intel Corporation]
Imari Sato,"[Unknown, National Institute of Informatics, nan]"
In Kyu Park,[nan]
In So Kweon,"[KAIST, nan]"
Ioannis Gkioulekas,[Unknown]
Ioannis Patras,"[Unknown, Queen Mary University of London, nan]"
Ira Kemelmacher-Shlizerman,[University of Washington & Facebook]
Irfan Essa,[Georgia Institute of Technology]
Iro Armeni,[ETH Zurich]
Ishan Misra,"[Unknown, Facebook AI Research]"
Ishani Chakraborty,"[Unknown, Microsoft AI & R]"
Ivan Laptev,[INRIA Paris]
Jack Valmadre,[Unknown]
Jaesik Park,"[Unknown, POSTECH, nan]"
Jakob Verbeek,[nan]
James Clark,[McGill University]
James Hays,"[Georgia Institute of Technology, USA]"
James Rehg,"[Georgia Institute of Technology, nan]"
Jan van Gemert,[Delft University of Technology]
Jan-Michael Frahm,"[UNC-Chapel Hill, nan]"
Jana Kosecka,[George Mason University]
Jason Corso,[University of Michigan and Voxel51]
Jasper Uijlings,[Unknown]
Javier Civera,[University of Zaragoza]
Jean Ponce,"[Inria, nan]"
Jean-Baptiste Alayrac,[DeepMind]
Jean-Charles Bazin,[nan]
Jean-Francois Lalonde,"[Université Laval, nan]"
Jean-Marc Odobez,[nan]
Jia Deng,"[Unknown, Princeton University]"
Jia-Bin Huang,"[Unknown, Virginia Tech, University of Maryland College Park, nan]"
Jiahuan Zhou,[Unknown]
Jiajun Wu,[Stanford University]
Jian Sun,"[Megvii Technology, Xi'an Jiaotong University, nan]"
Jian Wang,[Unknown]
Jianbing Shen,[Inception Institute of Artificial Intelligence]
Jianbo Shi,"[University of Pennsylvania, nan]"
Jianchao Yang,[nan]
Jianfei Cai,"[Monash University, nan]"
Jiang Wang,[Microsoft]
Jianming Zhang,[Adobe Research]
Jianping Shi,"[SenseTime, nan]"
Jianru Xue,[Xi'an Jiaotong University]
Jianwei Yang,[Microsoft Research]
Jianwen Xie,"[Unknown, Baidu Research]"
Jianxin Wu,"[Nanjing University, Unknown]"
Jiaolong Yang,[Microsoft Research]
Jiasen Lu,[Allen Institute for AI]
Jiashi Feng,"[NUS, ByteDance]"
Jiaya Jia,"[Chinese University of Hong Kong, nan]"
Jiaying Liu,"[Peking University, nan]"
Jie Song,[ETH Zurich]
Jiebo Luo,[U. Rochester]
Jifeng Dai,"[Unknown, SenseTime, Tsinghua University]"
Jimei Yang,"[Unknown, Adobe, nan]"
Jing Liao,[City University of Hong Kong]
Jingdong Wang,"[Unknown, Microsoft, Microsoft Research, Baidu, nan]"
Jingjing Zheng,[Amazon Lab126]
Jingwan Lu,[Adobe Research]
Jingya Wang,[Unknown]
Jingyi Yu,"[Unknown, ShanghaiTech University, Shanghai Tech, Shanghai Tech University, nan]"
Jinshan Pan,"[Unknown, Nanjing University of Science and Technology]"
Jinwei Gu,"[Unknown, NVIDIA, The Chinese University of Hong Kong, nan]"
Jinwei Y.E.,[George Mason University]
Jinwei Ye,[Louisiana State University]
Jiri Matas,"[Unknown, Czech Tech. Univ., Czech Technical University, Czech Technical University, Prague]"
Jiwen Lu,[Tsinghua University]
Joao Barreto,"[University of Coimbra, nan]"
Joao Carreira,"[Unknown, DeepMind]"
Joao P Barreto,[Unknown]
John Collomosse,[Unknown]
Jon Sporring,[University of Copenhagen]
Jonathan Barron,[Google Research]
Jonghyun Choi,[Unknown]
Jongwoo Lim,"[Hanyang University, nan]"
Jonthan Barron,[Google Research]
Joon-Young Lee,"[Adobe Research, nan]"
Joost van de Weijer,[Computer Vision Center]
Jordi Pont-Tuset,[Unknown]
Josef Sivic,[Czech Technical University]
Joseph Lim,[nan]
Joseph Tighe,[Unknown]
Juan Carlos Niebles,"[Stanford University, Salesforce & Stanford University]"
Judy Hoffman,"[Georgia Institute of Technology, Georgia Tech, Facebook AI Research and Georgia Tech, FAIR and Georgia Tech, nan]"
Juergen Gall,[Unknown]
Julia A Schnabel,[Unknown]
Julia Schnabel,[nan]
Jun-Yan Zhu,"[Adobe/CMU, Adobe Research, Carnegie Mellon University]"
Junbo Zhao,[Zhejiang University]
Junchi Yan,[Shanghai Jiao Tong University]
Jungseock Joo,[Unknown]
Junmo Kim,[nan]
Junseok Kwon,[Chung-Ang University]
Junsong Yuan,"[NTU, State University of New York at Buffalo, State University of New York at Buffalo, USA]"
Junwei Han,"[Unknown, Northwestern Polytechnical University]"
Junzhou Huang,[University of Texas at Arlington]
Justin Johnson,"[Unknown, University of Michigan, Facebook AI Research]"
Justin Solomon,[MIT]
Justus Thies,[Max Planck Institute for Intelligent Systems]
Jürgen Gall,[University of Bonn]
Kaiming He,[Facebook AI Research]
Kalantidis Yiannis,[NAVER]
Kaleem Siddiqi,[McGill University]
Kalle Åström,[Unknown]
Kalyan Sunkavalli,[Adobe Research]
Karteek Alahari,"[Unknown, INRIA, Inria, nan]"
Kate Saenko,"[Unknown, nan]"
Katerina Fragkiadaki,"[Unknown, Carnegie Mellon University]"
Katherine Bouman,[Caltech]
Kavita Bala,"[Cornell University, Cornell]"
Ke Li,[Simon Fraser University]
Ke Ma,[Unknown]
Ken Sakurada,[Unknown]
Khoa Luu,[Unknown]
Kihyuk Sohn,[Unknown]
Kiriakos Kutulakos,[University of Toronto]
Ko Nishino,"[Unknown, Kyoto University, nan]"
Konrad Schindler,"[Unknown, ETH Zurich, ETH]"
Konstantinos Derpanis,"[SAIC Toronto, York University]"
Kostas Daniilidis,"[University of Pennsylvania, nan]"
Kostas Rematas,[Google]
Kota Yamaguchi,[CyberAgent]
Kris Kitani,"[Carnegie Mellon University, nan]"
Kristen Grauman,"[UT Austin and Facebook AI Research, Facebook AI Research & UT Austin]"
Kristin Dana,"[Rutgers Univ., Rutgers University, nan]"
Kui Jia,[South China University of Technology]
Kuk-Jin Yoon,"[KAIST, nan]"
Kwan-Yee K. Wong,[Unknown]
Kwang In Kim,[POSTECH]
Kwang Moo Yi,"[Unknown, University of British Columbia, University of Victoria, nan]"
Kyoung Mu Lee,"[Seoul National University, nan]"
Kyros Kutulakos,"[Unknown, University of Toronto]"
Lam M. Nguyen,[Unknown]
Lamberto Ballan,[Unknown]
Lan Xu,[HKUST]
Larry Davis,[University of Maryland]
Laura Leal-Taixé,"[Unknown, TUM, Technical University of Munich, nan]"
Laura Sevilla-Lara,[University of Edinburgh]
Laurens van der Maaten,"[Unknown, Facebook]"
Laurent Kneip,"[Unknown, ShanghaiTech University]"
Le Lu,"[PAII Inc., PAII Inc. USA, PAII Inc. & Johns Hopkins University]"
Le Wang,[Xi'an Jiaotong University]
Lei Zhang,"[Microsoft, nan]"
Leonid Sigal,"[Unknown, University of British Columbia, nan]"
Li Fuxin,[Unknown]
Li Yi,"[Unknown, Tsinghua University]"
Li Zhang,[Unknown]
Liang Lin,"[Unknown, Sun Yat-sen University, nan]"
Liang Wang,"[NLPR, NLPR, China, Baidu]"
Liang Zheng,"[Unknown, Australian National University]"
Liang-Chieh Chen,"[Unknown, Google Inc., nan]"
Liangliang Nan,[Delft University of Technology]
Lihi Zelnik,[Technion]
Limin Wang,"[Unknown, Nanjing University]"
Lior Wolf,"[Unknown, FAIR and Tel Aviv University]"
Liwei Wang,[Unknown]
Long Chen,[Unknown]
Long Quan,"[HKUST, Hong Kong University of Science and Technology]"
Lorenzo Torresani,"[Unknown, Dartmouth College, FAIR, Meta]"
Lourdes Agapito,"[University College London, nan]"
Lu Fang,[Tsinghua University]
Lu Jiang,"[Unknown, Google Research]"
Lu Yuan,"[Unknown, Microsoft]"
Lubomir Bourdev,"[WaveOne, Inc.]"
Lucas Beyer,[Google Brain]
M. Pawan Kumar,[University of Oxford]
Mads Nielsen,"[University of Copenhagen, Denmark]"
Mahdi Hosseini,[University of New Brunswick]
Mahdi S. Hosseini,[Unknown]
Maja Pantic,"[Imperial College London, Imperial College London / Samsung AI Centre Cambridge, nan]"
Makarand Tapaswi,"[IIIT Hyderabad, Wadhwani AI]"
Maneet Singh,[Unknown]
Manmohan Chandraker,"[Unknown, UC San Diego, nan]"
Manohar Paluri,"[Facebook, Meta, nan]"
Manolis Savva,"[Unknown, Simon Fraser University]"
Marc Niethammer,[nan]
Marc Pollefeys,"[ETH Zurich / Microsoft, nan]"
Marc'Aurelio Ranzato,[Facebook]
Marcello Pelillo,[Unknown]
Marco Lorenzi,"[Unknown, INRIA]"
Marco Morales,[Instituto Tecnológico Autónomo de México]
Marcus A Brubaker,[Unknown]
Marcus Brubaker,[York University]
Marcus Rohrbach,[Facebook AI Research]
Margret Keuper,"[Unknown, University of Mannheim, University of Siegen, Max Planck Institute for Informatics]"
Margrit Betke,"[Boston University, Boston University, USA]"
Maria Vakalopoulou,"[Unknown, ECP, CentraleSupélec, CentraleSupelec]"
Mario Fritz,[CISPA Helmholtz Center for Information Security]
Marius Leordeanu,[nan]
Martial Hebert,[Carnegie Mellon University]
Martin Danelljan,[ETH Zurich]
Matej Kristan,"[Unknown, University of Ljubljana]"
Mathieu Aubry,"[Unknown, ENPC, ParisTech Bridge School]"
Mathieu Salzmann,"[Unknown, EPFL]"
Matthew B. Blaschko,[Unknown]
Matthew Blaschko,"[KULeuven, nan]"
Matthew O'Toole,[Carnegie Mellon University]
Matthew O’Toole,[Unknown]
Matthew Turk,"[TTIC, UC Santa Barbara, nan]"
Matthijs Douze,"[Unknown, nan]"
Maya Kabkab,[Waymo LLC]
Mayank Vatsa,[IIT Jodhpur]
Mei Chen,[Microsoft]
Mei Han,[PAII Labs]
Mert Sabuncu,[Cornell]
Miaomiao Liu,[The Australian National University]
Michael Brown,"[York University, nan]"
Michael Felsberg,"[Unknown, Linköping University]"
Michael Maire,"[Unknown, University of Chicago, nan]"
Michael Rubinstein,[Google]
Michael Ryoo,"[Stony Brook/Google, Google Brain; Indiana University]"
Michael S Brown,[York University / Samsung]
Michael Wray,[Unknown]
Michal Drozdzal,[Unknown]
Mike Zheng Shou,"[Unknown, National University of Singapore]"
Min H. Kim,"[Unknown, KAIST, nan]"
Min Sun,"[Unknown, National Tsing Hua University, nan]"
Ming Yang,[Horizon Robotics]
Ming-Hsuan Yang,"[Unknown, University of California at Merced, nan]"
Ming-Ming Cheng,"[Unknown, Nankai University, nan]"
Ming-Syan Chen,[Unknown]
Ming-Yu Liu,"[NVIDIA, nan]"
Mingkui Tan,[Unknown]
Mingsheng Long,[Tsinghua University]
Mingxing Tan,[Google]
Minh Do,[UIUC]
Minh Hoai Nguyen,[Stony Brook University]
Minsu Cho,"[Unknown, POSTECH, nan]"
Mohamed Elhoseiny,"[Unknown, King Abdullah University of Science and Technology, KAUST]"
Mohammad Rastegari,[University of Washington]
Mohit Gupta,"[Unknown, University of Wisconsin, University of Wisconsin-Madison, USA]"
Mohsen Ali,[Unknown]
Mordohai,[Stevens Institute of Technology]
Mubarak Shah,[U. of Central Florida]
Muhan Zhang,[Unknown]
Naila Murray,"[Naver Labs, Naver Labs Europe, nan]"
Nalini Ratha,"[SUNY Buffalo, IBM]"
Natalia Neverova,"[Unknown, Facebook AI Research, nan]"
Nathan Jacobs,"[Unknown, University of Kentucky, Washington University in St. Louis]"
Naveed Akhtar,[The University of Western Australia]
Nazli Ikizler-Cinbis,[Hacettepe University]
Neel Joshi,[Unknown]
Negar Rostamzadeh,[Google]
Neill D. F. Campbell,[Unknown]
Nianyi Li,[Unknown]
Nick Barnes,[ANU]
Nicolas Thome,"[Cnam, CEDRIC]"
Nicu Sebe,[University of Trento]
Niculae Sebe,"[Trento, Italy]"
Nikos Komodakis,"[Unknown, ENPC, ENPC, France, nan]"
Nikos Paragios,[nan]
Niloy Mitra,"[Unknown, University College London]"
Ning Yu,"[Unknown, Salesforce Research]"
Ning Zhang,"[Unknown, Rutgers University, Facebook]"
Noah Snavely,"[Unknown, Cornell University and Google AI, Cornell University & Google AI]"
Noha Radwan,[Google]
Norimichi Ukita,[Unknown]
Nuno Vasconcelos,"[Unknown, UCSD, University of California, San Diego, nan]"
Octavia Camps,"[Northeastern University, Northeastern University, Boston]"
Oisin Mac Aodha,"[Unknown, University of Edinburgh]"
Olga Russakovsky,"[Unknown, Princeton University]"
Olga Veksler,"[University of Waterloo, nan]"
Oliver Wang,"[Unknown, Adobe Systems Inc, nan]"
Olivia Wiles,"[University of Oxford, DeepMind]"
Olivier Henaff,[DeepMind]
Ondrej Chum,"[Vision Recognition Group, Czech Technical University in Prague]"
Otmar Hilliges,"[Unknown, ETH Zurich]"
Ozan Sener,[Unknown]
P. J. Narayanan,[IIIT-Hyderabad]
Pablo Arbelaez,"[Unknown, Universidad de los Andes, University of the Andes]"
Paolo Favaro,"[Unknown, University of Bern]"
Pascal Fua,"[Unknown, EPFL, nan]"
Pascal Mettes,[Unknown]
Patrick Pérez,[nan]
Paul Hongsuck Seo,[Unknown]
Paul Swoboda,[University of Mannheim]
Pauline Luc,[DeepMind]
Pedro Morgado,[Unknown]
Pengtao Xie,[UC San Diego]
Peter Gehler,"[Amazon, nan]"
Peter Vincent Gehler,[Unknown]
Petia Radeva,[University of Barcelona]
Peyman Milanfar,[Unknown]
Philip Torr,[University of Oxford]
Philipp Kraehenbuehl,"[Unknown, UT Austin]"
Philippos Mordohai,"[Unknown, Stevens Institute of Technology, nan]"
Phillip Isola,"[Unknown, MIT, Massachusetts Institute of Technology]"
Pinar Duygulu,[Hacettepe University]
Ping Luo,"[Unknown, The University of Hong Kong]"
Ping Tan,"[Simon Fraser University, Hong Kong University of Science and Technology]"
Piotr Bojanowski,[Unknown]
Piotr Dollar,"[Unknown, FAIR, Facebook AI Research]"
Piotr Koniusz,"[Unknown, ANU College of Engineering and Computer Science, nan]"
Pratul P. Srinivasan,[Unknown]
Qi Shan,[Apple Inc.]
Qi Tian,"[Xidian University, Huawei Cloud BU]"
Qi Wu,"[Unknown, University of Adelaide]"
Qi Zhao,"[Unknown, University of Minnesota Twin Cities, University of Minnesota]"
Qiang Ji,"[Unknown, Rensselaer Polytechnic Institute]"
Qiang Qiu,[Purdue University]
Qianru Sun,[Singapore Management University]
Qifeng Chen,[Unknown]
Qing Wang,[Northwestern Polytechnical University]
Qingshan Liu,[Nanjing University of Information Science & Technology]
Qixiang Ye,[Unknown]
Qixing Huang,"[Unknown, The University of Texas at Austin, nan]"
R Devon Hjelm,[Microsoft Research]
Radu Timofte,"[Unknown, ETH Zurich, nan]"
Rahaf Aljundi,"[Unknown, KULeuven]"
Rahul Sukthankar,[Google]
Rajeev Ranjan,[Amazon]
Ram Nevatia,[Unknown]
Rama Chellappa,"[John Hopkins Univ., University of Maryland, nan]"
Ramin Zabih,[nan]
Ran He,[Unknown]
Ravi Ramamoorthi,"[Unknown, University of California San Diego]"
Raymond A. Yeh,[Unknown]
Rei Kawakami,"[Tokyo Institute of Technology, The University of Tokyo]"
Relja Arandjelovic,[DeepMind]
Rene Ranftl,"[Unknown, Intel Labs]"
Rene Vidal,"[Johns Hopkins University, USA, nan]"
Richa Singh,[IIT Jodhpur]
Richard Souvenir,"[Unknown, Temple University, nan]"
Richard Zhang,"[Unknown, Adobe]"
Risheng Liu,[Unknown]
Rita Cucchiara,"[Universita Di Modena E Reggio Emilia, nan]"
Robby T. Tan,[Unknown]
Robby Tan,"[Yale-NUS College, National University of Singapore]"
Robert Collins,"[Pennsylvania State University, USA]"
Robert Pless,"[Unknown, George Washington University]"
Rodrigo Benenson,"[Unknown, Google]"
Rogerio Feris,"[Unknown, IBM Research AI, MIT-IBM Watson AI Lab, MIT-IBM Watson AI Lab, IBM Research]"
Rohit Girdhar,"[Unknown, Facebook AI Research]"
Ron Kimmel,[nan]
Rongrong Ji,"[Columbia University, Xiamen University, China]"
Roozbeh Mottaghi,"[Unknown, Allen Institute for AI]"
Ross Girshick,"[Facebook, FAIR]"
Ruigang Yang,"[Unknown, University of Kentucky]"
Ruiping Wang,"[Institute of Computing Technology, Chinese Academy of Sciences]"
Ruohan Gao,[Stanford University]
Ryan Farrell,[Brigham Young University]
Ryusuke Sagawa,[AIST]
S Kevin Zhou,[Unknown]
S. Kevin Zhou,[ICT]
Sabine Süsstrunk,[EPFL]
Sai-Kit Yeung,"[Unknown, Hong Kong University of Science and Technology]"
Saining Xie,"[Facebook AI Research, New York University]"
Salman Khan,"[Unknown, Australian National University (ANU)]"
Samira Ebrahimi Kahou,[School of Higher Technology]
Sanja Fidler,"[University of Toronto, NVIDIA]"
Sanjeev Koppal,[University of Florida]
Sanmi Koyejo,[Illinois/Google]
Sathyanarayanan Aakur,[OK State]
Sathyanarayanan N. Aakur,[Unknown]
Saurabh Gupta,"[Unknown, UIUC, Facebook AI Research & UIUC]"
Saurabh Singh,"[Unknown, Google]"
Scott McCloskey,[Honeywell]
Seon Joo Kim,"[Unknown, Yonsei University, Yonsei University / Facebook]"
SeonJoo Kim,[Yonsei University / Facebook]
Ser-Nam Lim,[Unknown]
Serena Yeung,"[Unknown, Stanford University]"
Serge Belongie,"[Unknown, University of Copenhagen, Cornell University]"
Sergey Tulyakov,"[Unknown, Snap Inc]"
Sergio Escalera,"[Unknown, Computer Vision Center (UAB) & University of Barcelona]"
Seunghoon Hong,[Unknown]
Seungryong Kim,[Unknown]
Seungyong Lee,"[POSTECH, nan]"
Shai Avidan,[Tel-Aviv University]
Shalini De Mello,"[Unknown, NVIDIA Research]"
Shang-Hong Lai,"[Unknown, National Tsing Hua University, nan]"
Shaodi You,"[Unknown, University of Amsterdam]"
Sharon X Huang,[Unknown]
Sharon Xiaolei Huang,[The Pennsylvania State University]
Shayok Chakraborty,"[Unknown, Florida State University]"
Shengcai Liao,"[Unknown, Inception Institute of Artificial Intelligence]"
Shenghua Gao,"[Unknown, ShanghaiTech University, nan]"
Shenlong Wang,"[Unknown, Uber, UIUC]"
Shiguang Shan,"[Unknown, Institute of Computing Technology, Chinese Academy of Sciences, Chinese Academy of Sciences]"
Shiliang Zhang,[UTSA]
Shiry Ginosar,[UC Berkeley]
Shizhe Chen,"[Unknown, INRIA]"
Shohei Nobuhara,[Unknown]
Shubham Tulsiani,"[Unknown, UC Berkeley, Carnegie Mellon University]"
Shuicheng Yan,[Qihoo/360]
Shuran Song,[Columbia University]
Si Liu,"[Unknown, Beihang University, nan]"
Siavash Arjomand Bigdeli,[Unknown]
Sifei Liu,"[NVIDIA, nan]"
Silvia Zuffi,"[Unknown, IMATI-CNR, CNR-IMATI]"
Silvio Savarese,[nan]
Simon Lucey,"[Unknown, CMU, University of Adelaide]"
Sing Bing Kang,"[Unknown, Zillow, Microsoft Research, Zillow Group]"
SingBing Kang,[Zillow Group]
Sinisa Todorovic,[Oregon State U]
Siyu Tang,"[ETH Zurich, MPI for Intelligent Systems]"
Slobodan Ilic,[nan]
Soma Biswas,"[Unknown, Indian Institute of Science, Bangalore]"
Song Bai,[Unknown]
Song-Chun Zhu,"[University of California, Los Angeles]"
Sotirios Tsaftaris,[The University of Edinburgh]
Spyros Gidaris,[valeo.ai]
Srikrishna Karanam,[United Imaging Intelligence]
Srinath Sridhar,[Brown University]
Srinivasa Narasimhan,"[Carnegie Mellon University, USA, Carnegie Mellon University]"
Stefan Lee,[Oregon State University]
Stefan Roth,"[Unknown, TU Darmstadt]"
Stefano Mattoccia,"[Unknown, University of Bologna]"
Stefano Soatto,[UC Los Angeles]
Stefanos Zafeiriou,"[Imperial College London, nan]"
Stella X. Yu,[Unknown]
Stella Yu,"[UC Berkeley / ICSI, University of Michigan, nan]"
Stephan R. Richter,[Unknown]
Stephen Gould,"[Unknown, Australian National University, Australia, Australian National University, nan]"
Stephen Guy,[University of Minnesota Twin Cities]
Stephen James,[Unknown]
Stephen Lin,"[Unknown, Microsoft Research]"
Stephen Lombardi,[Unknown]
Subhransu Maji,"[Unknown, University of Massachusetts, Amherst]"
Sudeep Sarkar,"[Unknown, University of South Florida, Tampa]"
Suha Kwak,"[Unknown, POSTECH, nan]"
Sung Ju Hwang,"[KAIST, AITRICS]"
Supasorn Suwajanakorn,"[UW/Google, Vistec]"
Susanna Ricco,[Google]
Svetlana Lazebnik,"[University of Illinois at Urbana-Champaign, UIUC, nan]"
Tae-Hyun Oh,[POSTECH]
Tae-Kyun Kim,"[KAIST/Imperial College London, nan]"
Taesung Park,[Adobe Research]
Takayuki Okatani,[Unknown]
Takeshi Oishi,[nan]
Tal Arbel,"[McGill, nan]"
Tal Hassner,"[Unknown, Facebook AI, USC/ISI & The Open University of Israel]"
Tali Treibitz,[University of Haifa]
Tamara Berg,"[University on North Carolina, Facebook]"
Tammy Riklin Raviv,[Unknown]
Tanmay Gupta,[Unknown]
Tao Mei,[AI Research of JD.com]
Tao Xiang,[University of Surrey]
Tat-Jen Cham,"[Unknown, Nanyang Technological University, nan]"
Tat-Jun Chin,"[University of Adelaide, The University of Adelaide]"
Tatiana Tommasi,"[Unknown, Politecnico di Torino, Politecnico di Torino (Italy), nan]"
Tatsuya Harada,"[Unknown, The University of Tokyo / RIKEN, nan]"
Terrance Boult,[nan]
Terry Boult,[nan]
The Lu,[Alibaba Group]
Theo Gevers,[Unknown]
Thibaut Durand,[Unknown]
This Liu,[Microsoft]
Thomas Funkhouser,[Princeton University]
Thomas Pock,"[Graz University of Technology, nan]"
Thomas Serre,"[Unknown, Brown University]"
Tian Han,"[Unknown, Stevens Institute of Technology]"
Tianfan Xue,[Unknown]
Tianfu Wu,"[Unknown, NC State University]"
Tianzhu Zhang,"[Unknown, Institute of Automation of CAS, nan]"
Tieniu Tan,[Chinese Academy of Sciences]
Timnit Gebru,[Microsoft]
Timothy Hospedales,[Edinburgh University]
Ting Chen,[Google]
Tinne Tuytelaars,"[Unknown, KU Leuven, K.U. Leuven]"
Tobias Ritschel,"[Unknown, UCL]"
Tolga Birdal,[Imperial College London]
Tomas Pajdla,"[Czech Technical University, Czech Technical University in Prague]"
Tony Tung,"[Unknown, Facebook Reality Labs]"
Torsten Sattler,"[Unknown, Czech Technical University in Prague]"
Toshihiko Yamasaki,[Unknown]
Trevor Darrell,[UC Berkeley]
Tsung-Yi Lin,"[Unknown, Google Brain, Nvidia]"
Unnat Jain,[Unknown]
Varun Jampani,"[Unknown, Google]"
Vasileios Balntas,[Facebook Reality Labs]
Venkatesh Babu Radhakrishnan,"[Unknown, Indian Institute of Science]"
Venu Madhav Govindu,[Indian Institute of Science]
Vicente Ordonez,"[Unknown, Rice University, University of Virginia, nan]"
Vicky Kalogeiton,"[University of Oxford, Ecole Polytechnique, IP Paris]"
Victor Fragoso,[Microsoft]
Victor Lempitsky,"[Samsung, nan]"
Viktoriia Sharmanska,"[Unknown, Imperial College London]"
Vinay Namboodiri,"[University of Bath, IIT Kanpur]"
Vinay P Namboodiri,[Unknown]
Vincent Lepetit,"[Unknown, Université de Bordeaux, Ecole des Ponts ParisTech, nan]"
Vincent Sitzmann,"[Unknown, MIT]"
Vineeth Balasubramanian,[Indian Institute of Technology Hyderabad]
Vineeth N Balasubramanian,"[Indian Institute of Technology, Hyderabad]"
Vishal M. Patel,[Unknown]
Vishal Patel,[Johns Hopkins University]
Vittorio Ferrari,"[Unknown, Google]"
Vittorio Murino,"[Unknown, Istituto Italiano di Tecnologia, nan]"
Vladimir Pavlovic,[Rutgers University]
Vladlen Koltun,"[Apple, Intel Labs]"
Walter Scheirer,[Unknown]
Wangmeng Zuo,"[Harbin Institute of Technology, China, nan]"
Wanli Ouyang,"[Unknown, The University of Sydney]"
Waqas Sultani,"[Unknown, Information Technology University]"
Wei Liu,[Tencent]
Wei Shen,"[Unknown, Shanghai Jiao Tong University]"
Wei Tang,[University of Illinois at Chicago]
Wei Yang,[Unknown]
Wei-Chih Hung,[Unknown]
Wei-Shi Zheng,"[Unknown, Sun Yat-sen University, China]"
Weidi Xie,[Unknown]
Weisheng Dong,[Xidian University]
Wenqi Ren,[Unknown]
Wieland Brendel,[University of Tübingen]
William Freeman,[MIT]
William Smith,[University of York]
Wolfgang Heidrich,[KAUST]
XIAOJUAN QI,[Unknown]
Xi Li,"[Zhejiang University, nan]"
Xi Yin,[Facebook]
Xianfeng GU,[Stony Brook University]
Xiang Bai,[Huazhong University of Science and Technology]
Xiangwei Kong,[Zhejiang University]
Xiangyang Ji,[Tsinghua University]
Xiangyang Xue,[Fudan University]
Xiangyu Xu,[Unknown]
Xiangyu Zhang,"[Unknown, Megvii Technology]"
Xiaobai Liu,[San Diego State University]
Xiaochun Cao,"[Unknown, Chinese Academy of Sciences, Sun Yat-sen University]"
Xiaodan Liang,"[Sun Yat-sen University, nan]"
Xiaofeng Ren,[Alibaba Group]
Xiaoguang Han,[Unknown]
Xiaohui Shen,[ByteDance]
Xiaojie Guo,[Tianjin University]
Xiaojuan Qi,[The University of Hong Kong]
Xiaokang Yang,[Shanghai Jiao Tong University of China]
Xiaolin Huang,[Shanghai Jiao Tong University]
Xiaolong Wang,[UCSD]
Xiaoming Liu,"[Michigan State University, nan]"
Xiaoou Tang,[nan]
Xiaowei Zhou,[Zhejiang University]
Xiaoyu Wang,"[Unknown, The Chinese University of Hong Kong (Shenzhen)]"
Xilin CHEN,[Unknown]
Xilin Chen,"[Institute of Computing Technology, Chinese Academy of Sciences, University of Chinese Academy of Sciences, nan]"
Xin Fan,[Dalian University of Technology]
Xin Geng,[Southeast University]
Xin Tong,[Unknown]
Xinchao Wang,[Stevens Institute of Technology]
Xinggang Wang,[Huazhong University of Science and Technology]
Xinlei Chen,"[Unknown, FAIR]"
Xueting Li,[Unknown]
Xueying Qin,[Shandong University]
Xuming He,"[Unknown, ShanghaiTech University, nan]"
Xun Cao,[Nanjing University]
Yadong Mu,[Peking University]
Yagiz Aksoy,[Simon Fraser University]
Yale Song,"[Microsoft, Facebook AI Research]"
Yan Shuicheng,[nan]
Yan Xu,[Beihang University]
Yang Song,[Unknown]
Yang Wang,"[University of Manitoba, Concordia University, nan]"
Yannis Avrithis,[Inria]
Yannis Kalantidis,[Unknown]
Yanxi Liu,"[Penn State, Penn State University]"
Yao Qin,"[University of California, Santa Barbara]"
Yasushi Makihara,"[Unknown, Osaka University, Japan, nan]"
Yasutaka Furukawa,"[Unknown, Simon Fraser University, nan]"
Yasuyuki Matsushita,"[Unknown, Osaka University, nan]"
Yebin Liu,[Tsinghua University]
Yedid Hoshen,[Unknown]
Yen-Yu Lin,"[Unknown, National Chiao Tung University, National Yang Ming Chiao Tung University, nan]"
Yi Fang,[New York University]
Yi Ma,[UC Berkeley]
Yi Wu,[Unknown]
Yi Yang,[UTS]
Yi-Hsuan Tsai,"[Unknown, Google]"
Yi-Zhe Song,[University of Surrey]
Yibing Song,"[Unknown, Fudan University]"
Yifei Huang,[The University of Tokyo]
Yihong Wu,"[Unknown, Institute of Automation, Chinese Academy of Sciences]"
Yijun Li,"[Unknown, Adobe Research]"
Yin Cui,[Google]
Yin Li,"[Unknown, University of Wisconsin-Madison, nan]"
Ying Fu,[Beijing Institute of Technology]
Ying Nian Wu,"[University of California, Los Angeles]"
Ying Shan,[Tencent]
Ying Wu,[Northwestern University]
YingLi Tian,[City University of New York]
Yingli Tian,[Unknown]
Yinqiang Zheng,[Unknown]
Yixin Zhu,"[Unknown, UCLA]"
Yiyi Liao,[Unknown]
Yizhou Wang,"[Peking University, nan]"
Yizhou Yu,"[Unknown, The University of Hong Kong]"
Yogesh Rawat,[University of Central Florida]
Yoichi Sato,[University of Tokyo]
Yong Jae Lee,"[Unknown, University of California, Davis, University of Wisconsin-Madison, nan]"
YongJae Lee,"[University of California, Davis]"
Young Min Kim,[Seoul National University]
Yu Cheng,[Unknown]
Yu Li,[Unknown]
Yu Qiao,[Unknown]
Yu Wu,[Unknown]
Yu-Chiang Frank Wang,[nan]
Yu-Chuan Su,[Unknown]
Yu-Gang Jiang,[Fudan University]
Yu-Wing Tai,"[Unknown, HKUST, nan]"
Yu-Xiong Wang,"[Unknown, University of Illinois at Urbana-Champaign]"
Yuchao Dai,"[Unknown, Northwestern Polytechnical University]"
Yue Cao,[Beijing Academy of Artificial Intelligence]
Yuke Zhu,[University of Texas - Austin]
Yuki M Asano,[Unknown]
Yulan Guo,"[Unknown, National University of Defense Technology]"
Yuliya Tarabalka,[nan]
Yulun Zhang,"[Unknown, ETH Zurich]"
Yung-Yu Chuang,"[Unknown, nan]"
Yunhong Wang,[Beihang University]
Yuri Boykov,"[University of Waterloo, nan]"
Yuxiong Wang,[University of Illinois at Urbana-Champaign]
Zexiang Xu,[Adobe Research]
Zeynep Akata,"[Unknown, Max Planck Institute for Informatics, University of Amsterdam, University of Tübingen, nan]"
Zhangyang Wang,[UT Austin]
Zhanyu Ma,[Beijing University of Posts and Telecommunications]
Zhaowei Cai,"[Unknown, Amazon]"
Zhaoxiang Zhang,"[Unknown, Chinese Academy of Sciences, China]"
Zhe Gan,[Unknown]
Zhe Lin,"[Adobe Research, nan]"
Zhenan Sun,[Chinese of Academy of Sciences]
Zhengyou Zhang,[Tencent]
Zhenxing Niu,[Alibaba Group]
Zhirong Wu,[Unknown]
Zhizhong Han,"[Unknown, Wayne State University]"
Zhou Ren,[Wormpex AI Research]
Zhouchen Lin,"[Unknown, Peking University]"
Zhouhui Lian,[Unknown]
Zhuang Liu,[Meta Platforms]
Zhuowen Tu,"[Unknown, UC San Diego, University of California, San Diego]"
Ziad Al-Halah,[University of Utah]
Zicheng Liao,"[Zhejiang University, nan]"
Zicheng Liu,[Microsoft]
Ziwei Liu,"[Unknown, Nanyang Technological University]"
Zoya Bylinskii,[Adobe Research]
Zsolt Kira,[Unknown]
Zuxuan Wu,[Unknown]
Zuzana Kukelova,"[Unknown, Czech Technical University in Prague]"
miaomiao Liu,[Unknown]
