Aaron Schulman,[UC San Diego]
Aaron Striegel,"[University of Notre Dame, USA]"
Abdallah Khreishah,"[New Jersey Institute of Technology, USA]"
Abderrahim Benslimane,"[Avignon University, France]"
Abhimanyu Gosain,"[Northeastern University, USA]"
Abusayeed Saifullah,"[Wayne State University, USA, Iowa State University]"
Aditya Akella,"[UT Austin and Google, UWM, University of Wisconsin–Madison]"
Adrian Perrig,[ETH Zurich]
Ahmed Elmokashfi,"[Amazon, USA, Simula Metropolitan Center for Digital Engineering (SimulaMet), Norway]"
Ahmed Helmy,"[University of Florida, USA]"
Ahmed Kamal,"[Iowa State University, USA]"
Ahmed Saeed,[Georgia Institute of Technology]
Ai-Chun Pang,"[National Taiwan University, Taiwan]"
Alan Zaoxing Liu,[Boston University]
Albert Banchs,"[Universidad Carlos III de Madrid, Spain, Universidad Carlos III de Madrid and IMDEA Networks Institute, Spain]"
Albert Cabellos-Aparicio,"[Universitat Politècnica de Catalunya, Spain]"
Alessandra Sala,"[Bell Labs, Alcatel-Lucent, Ireland]"
Alessandro Mei,"[Sapienza University of Rome, Italy]"
Alessandro Redondi,"[Politecnico di Milano, Italy]"
Alex Afanasyev,[Florida International University]
Alex C. Snoeren,"[UC San Diego / Google, UC San Diego]"
Alexander Min,"[Intel Corporation, USA]"
Alexandre Guitton,"[Clermont University, USA]"
Alfred Chen,"[University of California, Irvine, USA]"
Ali Abedi,"[University of Maine, USA]"
Ali Khayam,[Amazon]
Alok Tongaonkar,"[RedLock, USA]"
Aman Shaikh,[Google]
Amar Phanishayee,[Microsoft Research]
Ambuj Varshney,"[National University of Singapore, Singapore, University of California, Berkeley]"
Amin Vahdat,[Google]
Amit Sheoran,"[AT&T Research, USA]"
Amr Rizk,"[University of Duisburg-Essen, Germany, Universitat Ulm, Germany, Technische Universität Darmstadt, Germany]"
Ana Aguiar,"[University of Porto, Portugal]"
Anand Seetharam,"[SUNY Binghamton, USA]"
Anastasios Giovanidis,"[Sorbonne Université, France]"
Anat Bremler-Barr,"[Interdisciplinary Center Herzliya, Israel]"
Andra Lutu,"[Telefónica Research, Spain]"
Andrea Detti,"[University of Rome 'Tor Vergata', Italy, University of Rome Tor Vergata, Italy, University of Rome ""Tor Vergata"", Italy]"
Andrea Passarella,"[IIT-CNR, Italy]"
Andreas Haeberlen,[University of Pennsylvania]
Andrzej Duda,"[Grenoble Institute of Technology, France]"
Ang Chen,[Rice University]
Anirudh Sivaraman,[NYU]
Anja Feldmann,"[MPI, Max Planck Institute, TU Berlin, Germany]"
Ankit Singla,"[ETHZ, ETH Zürich]"
Anna Brunstrom,[Karlstad University]
Anna Maria Mandalari,[University College London]
Anna Maria Vegni,"[Roma Tre University, Italy]"
Antonio Capone,"[Politecnico di Milano, Italy]"
Antonio Fernández Anta,"[IMDEA Networks Institute, Spain]"
Antonio Rocha,"[Fluminense Federal University, Brazil]"
Antonios Argyriou,"[University of Thessaly, Greece]"
Aradhana Narula-Tam,"[MIT Lincoln Laboratory, USA]"
Arash Asadi,"[TU Darmstadt, Germany]"
Arpit Gupta,"[UCSB, UC Santa Barbara]"
Artur Hecker,"[Huawei, Germany, Huawei, Munich Research Center, Germany]"
Arturo Azcorra,"[University Carlos III of Madrid, Spain]"
Arun Venkataramani,"[UMass Amherst, USA]"
Aruna Balasubramanian,"[Stony Brook, Stony Brook University]"
Athina Markopoulou,"[University of California, USA, University of California, Irvine, USA]"
Aurojit Panda,"[NYU, New York University]"
Aziz Mohaisen,"[University of Central Florida, USA]"
Azza Ahmed,[Simula Metropolitan Centre for Digital Engineering]
Baek-Young Choi,"[University of Missouri - Kansas City, USA, University of Missouri-Kansas City, USA]"
Balajee Vamanan,"[University of Illinois at Chicago, USA]"
Balázs Vass,"[Budapest University of Technology and Economics, Hungary]"
Baochun Li,"[University of Toronto, Canada, University of Toronto]"
Baokang Zhao,[National University of Defense Technology]
Barath Raghavan,"[USC, University of Southern California, University of Southern California / Invisv]"
Basel Alomair,"[King Abdulaziz City for Science and Technology, Saudi Arabia]"
Behnaz Arzani,"[Microsoft Research, Microsoft]"
Beichuan Zhang,"[The University of Arizona, USA, University of Arizona]"
Ben Y. Zhao,[University of Chicago]
Ben Zhao,[U. Chicago]
Benyuan Liu,"[University of Massachusetts Lowell, USA]"
Berk Canberk,"[Istanbul Technical University, Turkey]"
Bhuvana Krishnaswamy,[University of Wisconsin-Madison]
Bin Li,"[The Pennsylvania State University, USA, Pennsylvania State University, USA, University of Rhode Island, USA]"
Bin Liu,"[Tsinghua University, P.R. China]"
Bing Wang,"[University of Connecticut, USA]"
Biplab Sikdar,"[National University of Singapore, Singapore, National University of Singapore]"
Bo Han,"[George Mason University, USA, AT&T Labs Research, USA]"
Bo Ji,"[Virginia Tech, USA, Temple University, USA]"
Bo Wang,"[Tsinghua University, China]"
Boon Thau Loo,[University of Pennsylvania]
Boyang Wang,"[University of Cincinnati, USA]"
Brad Campbell,[University of Virginia]
Brad Karp,[University College London]
Brent Stephens,[University of Illinois at Chicago]
Brian Levine,[University of Massachusetts Amherst]
Brighten Godfrey,[University of Illinois at Urbana-Champaign]
Bruce Maggs,"[Duke/Akamai, Duke University and Emerald Innovations]"
Byrav Ramamurthy,"[University of Nebraska-Lincoln, USA]"
Carlee Joe-Wong,"[Carnegie Mellon University, USA]"
Carsten Griwodz,[Universitetet i Oslo]
Cecilia Testart,[MIT / Georgia Tech]
Cedric Westphal,"[Huawei Innovation Center, USA]"
Celimuge Wu,"[The University of Electro-Communications, Japan, The University of Electro-Communications]"
Chang-Gun Lee,"[Seoul National University, South Korea]"
Changhee Joo,"[UNIST, Korea]"
Changqing Luo,"[Virginia Commonwealth University, USA, Virginia Commonwealth University]"
Chaocan Xiang,"[Chongqing University, China, Chongqing University]"
Chaokun Zhang,[Tianjin University]
Chen Qian,"[University of California at Santa Cruz, USA]"
Chengchen Hu,"[Xilinx, USA]"
Chenglin Miao,"[University of Georgia, USA]"
Chenren Xu,"[Peking University, P.R. China, Peking University]"
Chi Harold Liu,"[Beijing Institute of Technology, P.R. China]"
Chi Lin,"[Dalian University of Technology, P.R. China]"
Chi Zhang,"[University of Science and Technology of China, P.R. China]"
Chieh-Jan Mike Liang,[Microsoft Research]
Chih-Chun Wang,"[Purdue University, USA]"
Chih-Wei Yi,"[National Chiao Tung University, Taiwan]"
Chiu Tan,"[Temple University, USA]"
Chong Han,"[Shanghai Jiao Tong University, P.R. China]"
Christian Timmerer,"[Alpen-Adria-Universität Klagenfurt, Austria]"
Christina Vlachou,"[Hewlett Packard Labs, USA]"
Christoph Sommer,"[TU Dresden, Germany, Paderborn University, Germany]"
Christopher Brinton,"[Purdue University, USA, Princeton University, USA]"
Chuan Wu,"[The University of Hong Kong, Hong Kong, The University of Hong Kong, China, The University of Hong Kong]"
Chuang Hu,"[Wuhan University, China]"
Chul-Ho Lee,"[Texas State University, USA, Florida Institute of Technology, USA]"
ChunSheng Xin,"[Old Dominion University, USA]"
Chunxiao Jiang,"[Tsinghua University, China]"
Chunyi Peng,"[Purdue University, USA]"
Chuyu Wang,"[Nanjing University, P.R. China]"
Cigdem Sengul,"[Brunel University London, UK]"
Claudio Casetti,"[Politecnico di Torino, Italy]"
Clement Kam,"[Naval Research Laboratory, USA]"
Colin Perkins,"[University of Glasgow, United Kingdom (Great Britain)]"
Cong WANG,"[City University of Hong Kong, China]"
Cong Wang,"[George Mason University, USA, Old Dominion University, USA, City University of Hong Kong, Hong Kong]"
Constandinos Mavromoustakis,"[University Of Nicosia, Cyprus]"
Constandinos X. Mavromoustakis,"[University of Nicosia, Cyprus]"
Corey Baker,"[University of Kentucky, USA]"
Costin Raiciu,[University Pollitehnica of Bucharest]
Craig Shue,"[Worcester Polytechnic Institute, USA]"
Cristian Borcea,"[New Jersey Institute of Technology, USA]"
Cristina Alcaraz,"[University of Málaga, Spain]"
Daji Qiao,"[Iowa State University, USA]"
Damiano Carra,"[University of Verona, Italy]"
Damla Turgut,"[University of Central Florida, USA]"
Dan Li,[Tsinghua]
Dan Pei,"[Tsinghua University, China]"
Dan Wang,"[The Hong Kong Polytechnic University, Hong Kong, The Hong Kong Polytechnic University, China, The Hong Kong Polytechnic University]"
Dan Wang (Chair),"[The Hong Kong Polytechnic University, Hong Kong]"
Danda B. Rawat,"[Howard University, Washington DC, USA]"
Danda Rawat,"[Howard University, USA, Howard University]"
Daniel Menasche,"[Federal University of Rio de Janeiro, Brazil]"
Daniel Menasché,"[Federal University of Rio de Janeiro, Brazil]"
Daniela Renga,"[Politecnico di Torino, Italy]"
Daniele Puccinelli,"[University of Applied Sciences and Arts of Southern Switzerland (SUPSI), Switzerland]"
Danyang Zhuo,"[Duke University, Duke University, UC Berkeley]"
Dario Rossi,"[Huawei Technologies, France, Telecom ParisTech, France]"
Dave Levin,[University of Maryland]
David Bermbach,"[TU Berlin & ECDF, Germany]"
David Choffnes,[Northeastern University]
David Gutierrez-Estevez,"[Samsung Electronics, United Kingdom (Great Britain)]"
David Hay,"[The Hebrew University of Jerusalem, Israel]"
David K.Y. Yau,"[Singapore University of Technology and Design, Singapore]"
David Malone,"[Maynooth University, Ireland]"
David Maltz,[Microsoft]
David Mohaisen,"[University of Central Florida, USA]"
David Wetherall,[Google]
David Yau,"[Singapore University of Technology and Design, Singapore, Advanced Digital Sciences Center, Singapore]"
Deepak Ganesan,[UMass Amherst]
Deepak Vasisht,[MIT]
Dejan Kostic,[KTH Royal Institute of Technology]
Dejun Yang,"[Colorado School of Mines, USA]"
Deke Guo,[National University of Defense Technology]
Deng Pan,"[Florida International University, USA]"
Derya Cansever,"[Army CERDEC, USA]"
Deze Zeng,"[China University of Geosciences, Wuhan, China]"
Di Niu,"[University of Alberta, Canada]"
Di Wu,"[Sun Yat-sen University, P.R. China]"
Diego Perino,"[Telefonica Research, Spain]"
Dijiang Huang,"[Arizona State University, USA]"
Dimitrios Koutsonikolas,"[Northeastern University, USA, University at Buffalo, SUNY, USA]"
Dimitrios Pezaros,"[University of Glasgow, United Kingdom, University of Glasgow, United Kingdom (Great Britain)]"
Dinesh Bharadia,"[University of California, San Diego]"
Domenico Ciuonzo,"[University of Naples Federico II, Italy, University of Naples Federico II]"
Domenico Giustiniano,"[IMDEA Networks Institute, Spain]"
Dong Xuan,"[The Ohio State University, USA]"
Donghyun Kim,"[Georgia State University, USA]"
Dongsheng Li,"[School of Computer, National University of Defense Technology, P.R. China]"
Dongsu Han,"[KAIST, Korea Advanced Institute of Science and Technology]"
Dongxiao Yu,"[Shandong University, P.R. China]"
Douglas Leith,"[Trinity College Dublin, Ireland]"
Eddie Kohler,[Harvard University]
Edith C. H. Ngai,"[The University of Hong Kong, China]"
Edith Ngai,"[The University of Hong Kong, Hong Kong, The University of Hong Kong, China]"
Eduardo Cerqueira,"[Federal University of Para, Brazil, Federal University of Para & UCLA]"
Ehab Al-Shaer,"[Carnegie Mellon University, USA, University of North Carolina Charlotte, USA]"
Ehsan Aryafar,"[Portland State University, USA]"
Eirini Eleni Tsiropoulou,"[University of New Mexico, USA, University of New Mexico]"
Elahe Soltanaghai,[University of Illinois at Urbana-Champaign]
Elizabeth M. Belding,[University of California Santa Barbara]
Ellen Zegura,[Georgia Institute of Technology]
En Wang,"[Jilin University, P.R. China]"
Ennan Zhai,[Alibaba]
Enrico Natalizio,"[University of Lorraine/Loria, France]"
Enzo Mingozzi,"[University of Pisa, Italy]"
Eric Rozner,"[University of Colorado Boulder, USA]"
Erik-Oliver Blass,"[Airbus Group Innovations,Germany]"
Esa Hyytiä,"[University of Iceland, Iceland]"
Ethan Katz-Bassett,"[Columbia, Columbia University]"
Eugene Chai,"[NEC Laboratories American Inc, USA, NEC Laboratories American Inc., USA]"
Eugene Ng,[Rice University]
Evgeny Khorov,"[IITP RAS, Russia]"
Evsen Yanmaz,"[Ozyegin University, Turkey, Lakeside Labs, Austria]"
F. Richard Yu,"[Carleton University, Canada]"
Fabio D'Andreagiovanni,"[CNRS, Sorbonne University - UTC, France]"
Fabio Martignon,"[University of Bergamo, Italy]"
Fabián Bustamante,[Northwestern University]
Fabricio Murai,"[Universidade Federal de Minas Gerais, USA]"
Fadel Adib,"[Massachusetts Institute of Technology, MIT]"
Fan Dang,"[Tsinghua University, P.R. China]"
Fan Li,"[Beijing Institute of Technology, P.R. China]"
Fan Wu,"[Shanghai Jiao Tong University, P.R. China, Shanghai Jiao Tong University, China]"
Fan Ye,"[Stony Brook University, USA]"
Fang Dong,[Southeast University]
Fangming Liu,"[Huazhong University of Science and Technology, P.R. China, Peng Cheng Laboratory, China, Huazhong University of Science and Technology]"
Fangxin Wang,"[The Chinese University of Hong Kong, China]"
Faramarz Fekri,"[Georgia Institute of Technology, USA]"
Faraz Ahmed,"[Hewlett Packard Labs, USA]"
Feilong Tang,"[Shanghai Jiao Tong University, P.R. China]"
Fen Zhou,"[Institut Supérieur d'Electronique de Paris (ISEP), France]"
Feng Li,"[Indiana University-Purdue University Indianapolis, USA]"
Feng Lyu,"[Central South University, P.R. China, Central South University]"
Feng Qian,"[University of Minnesota, Twin Cities, USA, University of Minnesota, USA]"
Feng Wang,"[University of Mississippi, USA]"
Feng Ye,"[University of Dayton, USA, University of Dayton]"
Fengyuan Xu,"[Nanjing University, P.R. China]"
Flavio Esposito,"[Saint Louis University, USA]"
Foivos Ioannis Michelinakis,"[Simula Metropolitan Center for Digital Engineering (SimulaMet), Norway]"
Francesca Cuomo,"[University of Rome Sapienza, Italy]"
Francesco Bronzino,"[Université Savoie Mont Blanc, France, Nokia Bell Labs, France, INRIA, France]"
Francesco De Pellegrini,"[University of Avignon, France]"
Francesco Lo Presti,"[Universita' di Roma Tor Vergata, Italy, Universita di Roma Tor Vergata, Italy]"
Francesco Restuccia,"[Northeastern University, USA, Northeastern University]"
Frank Eliassen,"[University of Oslo, Norway]"
Fu Xiao,[Nanjing University of Posts and Telecommunications]
Gabriel Scalosub,"[Ben-Gurion University of the Negev, Israel]"
Gabriele D'Angelo,"[University of Bologna, Italy]"
Gaia Maselli,"[University of Rome ""La Sapienza"", Italy]"
Ganesh Ananthanarayanan,"[Microsoft, Microsoft Research]"
Gang Zhou,"[William & Mary, USA, College of William and Mary, USA]"
Gentian Jakllari,"[University of Toulouse, France]"
George Iosifidis,"[Delft University of Technology, The Netherlands, Trinity College Dublin, Ireland]"
George Parisis,"[University of Sussex, United Kingdom, University of Sussex, United Kingdom (Great Britain)]"
George Polyzos,"[Athens University of Economics and Business, Greece]"
George Varghese,[UC Los Angeles]
Georgios Paschos,"[Amazon, USA, Huawei Technologies, France]"
Gerhard Hancke,"[City University of Hong Kong, China]"
Gerhard Wunder,"[Freie Universität Berlin, Germany]"
Gianluca Rizzo,"[HES SO Valais, Switzerland]"
Gil Einziger,"[Ben-Gurion University Of The Negev, Israel]"
Giovanni Neglia,"[Inria, France]"
Giuseppe Di Modica,"[University of Bologna, Italy, University of Bologna]"
Go Hasegawa,"[Tohoku University, Japan, Tohoku University]"
Gong Zhang,"[Huawei Technologies Co., P.R. China]"
Gordon Wilfong,"[Bell Labs, USA, Bell Labs, Nokia, USA]"
Gregor Schiele,"[University of Duisburg-Essen, Germany]"
Guan-Hua Tu,"[Michigan State Unversity, USA]"
Guiling Wang,"[New Jersey Institute of Technology, USA]"
Gunnar Karlsson,"[KTH Royal Institute of Technology, Sweden, KTH Royal Institute of Technology]"
Guohong Cao,"[The Pennsylvania State University, USA]"
Guoliang Xing,"[The Chinese University of Hong Kong, Hong Kong]"
Guoliang Xue,"[Arizona State University, USA]"
Guoqiang Mao,"[Xidian University, P.R. China, The University of Technology, Sydney, Australia]"
György Dán,"[KTH Royal Institute of Technology, Sweden]"
Gábor Rétvári,"[Budapest University of Technology and Economics & Ericsson Research, Budapest University of Technology and Economics, Hungary]"
Haijun Zhang,"[University of Science and Technology Beijing, P.R. China]"
Haiming Jin,"[Shanghai Jiao Tong University, P.R. China, Shanghai Jiao Tong University, China]"
Haining Wang,"[Virginia Tech, USA, University of Delaware, USA]"
Haipeng Dai,"[Nanjing University, P.R. China, Nanjing University, China, Nanjing University]"
Haisheng Tan,"[University of Science and Technology of China, P.R. China, University of Science and Technology of China]"
Haitham Hassanieh,"[University of Illinois at Urbana-Champaign, University of Illinois at Urbana Champaign, USA]"
Haiyang Wang,"[University of Minnesota at Duluth, USA]"
Haiying Shen,"[University of Virginia, University of Virginia, USA]"
Hakim Weatherspoon,[Cornell University]
Hamed Haddadi,[Imperial College London and Brave]
Hamed Mohsenian-Rad,"[University of California, USA, University of California, Riverside, USA]"
Hamed Yousefi,"[Huawei R&D, USA]"
Han Qiu,"[Telecom-Paristech, France]"
Hana Khamfroush,"[University of Kentucky, USA]"
Hang Liu,"[The Catholic University of America, USA]"
Hao Wang,"[Louisiana State University, USA, University of Toronto, Canada]"
Hao Zhou,"[University of Science and Technology of China, P.R. China]"
Haojin Zhu,"[Shanghai Jiao Tong University, P.R. China]"
Haoxin Wang,"[Toyota Motor North America R&D-InfoTech Labs, USA]"
He Huang,"[Soochow University, P.R. China]"
Heather Zheng,[University of Chicago]
Heming Cui,[University of Hong Kong]
Henning Schulzrinne,"[Columbia University, Columbia University, USA]"
Hermann Hellwagner,"[Klagenfurt University, Austria]"
Hideyuki Shimonishi,"[Osaka University, Japan, NEC]"
Hiroshi Shigeno,"[Keio University, Japan, Keio University]"
Hitesh Ballani,"[Microsoft Research, Microsoft]"
Hitoshi Asaeda,"[National Institute of Information and Communications Technology (NICT), Japan]"
Holger Karl,"[Hasso Plattner Institute, Germany, Paderborn University, Germany]"
Hong Xu,"[The Chinese University of Hong Kong, Hong Kong, City University of Hong Kong, Hong Kong]"
Hong Zhang,"[UC Berkeley, USA & University of Waterloo, Canada]"
Hongbo Jiang,"[Hunan University, P.R. China]"
Hongbo Liu,"[University of Electronic Science and Technology of China, P.R. China, Indiana University-Purdue University Indianapolis, USA, University of Electronic Science and Technology of China, China]"
Honggang Zhang,"[University of Massachusetts Boston, USA]"
Hongli Xu,"[University of Science and Technology of China, P.R. China]"
Hongqiang Harry Liu,[Alibaba Group]
Hongqiang Liu,[Alibaba]
Hongwei Du,"[Harbin Institute of Technology, Shenzhen, P.R. China, Harbin Institute of Technology, P.R. China]"
Hongwei Li,"[University of Electronic Science and Technology of China, P.R. China]"
Hongwei Zhang,"[Iowa State University, USA]"
Hongxin Hu,"[University at Buffalo, USA]"
Hongzi Zhu,"[Shanghai Jiao Tong University, P.R. China]"
Hossam Hassanein,"[Queen's University, Canada]"
Houbing Song,"[University of Maryland, Baltimore County, USA, Embry-Riddle Aeronautical University, USA]"
Hsin-Mu Tsai,"[National Taiwan University, Taiwan]"
Huacheng Zeng,"[Michigan State University, USA, University of Louisville, USA]"
Huadong Ma,"[Beijing University of Posts and Telecommunications, P.R. China]"
Huajie Shao,"[College of William and Mary, USA]"
Hui Cai,"[Nanjing University of Posts and Telecommunications, China]"
Hulya Seferoglu,"[University of Illinois at Chicago, USA]"
Hwangnam Kim,"[Korea University, South Korea, Korea University, Korea]"
Hyoil Kim,"[Ulsan National Institute of Science and Technology (UNIST), South Korea]"
I-Hong Hou,"[Texas A&M University, USA]"
Igor Kadota,"[Columbia University, USA]"
Ilario Filippini,"[Politecnico di Milano, Italy]"
Ilenia Tinnirello,"[University of Palermo, Italy]"
Imad Jawhar,"[Al Maaref University, Lebanon]"
Inseok Hwang,"[IBM Research, USA]"
Ioana Livadariu,[Simula Research Laboratory]
Ioannis Pefkianakis,"[Hewlett Packard Labs, USA]"
Ioannis Stavrakakis,"[National and Kapodistrian University of Athens, Greece]"
Iordanis Koutsopoulos,"[Athens University of Economics and Business, Greece]"
Iraj Saniee,"[Bell Labs, Nokia, USA, Bell Labs, USA, Bell Labs, Alcatel-Lucent, USA]"
Isaac Keslassy,"[Technion, Israel]"
Isabel Wagner,"[De Montfort University, United Kingdom, De Montfort University, United Kingdom (Great Britain)]"
Ivan Seskar,"[WINLAB, Rutgers University, USA]"
Jaime Llorca,"[New York University, USA, Nokia Bell Labs, USA]"
James Hongyi Zeng,"[Facebook, Meta]"
Jang-Won Lee,"[Yonsei University, South Korea]"
Janise McNair,"[University of Florida, USA]"
Jason Jue,"[University of Texas at Dallas, USA]"
Javad Ghaderi,"[Columbia University, USA]"
Jaya Prakash Champati,"[IMDEA Networks Institute, Spain]"
Jen Rexford,[Princeton University]
Jens Schmitt,"[TU Kaiserslautern, Germany, University of Kaiserslautern, Germany]"
Jeongkeun Lee,[Barefoot Networks]
Jeongyeup Paek,"[Chung-Ang University, South Korea]"
Jia (Kevin) Liu,"[The Ohio State University, USA]"
Jia Liu,"[The Ohio State University, USA, Nanjing University, P.R. China, Iowa State University, USA, Nanjing University, China]"
Jia Wang,"[AT&T, AT&T Labs Research, USA, AT&T Labs - Research, USA]"
Jiadi Yu,"[Shanghai Jiao Tong University, P.R. China]"
Jiahui Hou,"[University of Science and Technology of China, China]"
Jian Li,"[Binghamton University, USA, Binghamton University-SUNY, USA, University of Massachusetts Amherst, USA, SUNY-Binghamton University, USA]"
Jiangchuan Liu,"[Simon Fraser University, Canada]"
Jianguo Yao,"[Shanghai Jiao Tong University, P.R. China]"
Jianli Pan,"[University of Missouri, St. Louis, USA, University of Missouri, USA]"
Jianping Pan,"[University of Victoria, Canada]"
Jianping Wang,"[City University of Hong Kong, Hong Kong]"
Jianqing Liu,"[University of Alabama in Huntsville, USA]"
Jianzhong Li,"[Harbin Institute of Technology, P.R. China]"
Jiao Zhang,"[Beijing University of Post and Telecommunications, China]"
Jiaqi Zheng,"[Nanjing University, P.R. China, Nanjing University, China]"
Jiasi Chen,"[University of California, Riverside, University of California, Riverside, USA, University of California, USA]"
Jie Gao,"[Rutgers University, USA, Stony Brook University, USA]"
Jie Wu,"[Temple University, USA]"
Jie Xiong,"[University of Massachusetts Amherst, USA]"
Jie Xu,"[University of Miami, USA]"
Jie Yang,"[Florida State University, USA]"
Jihong Yu,"[Beijing Institute of Technology, P.R. China]"
Jiliang Wang,"[Tsinghua University, P.R. China]"
Jiming Chen,"[Zhejiang University, P.R. China]"
Jin Zhang,"[South University of Science and Technology of China, P.R. China]"
Jin Zhao,"[Fudan University, P.R. China]"
Jing Chen,"[Wuhan University, P.R. China]"
Jinsong Han,"[Zhejiang University, P.R. China, Zhejiang University, China]"
Jinyuan (Stella) Sun,"[University of Tennessee, USA]"
Jitu Padhye,[Microsoft]
Joel Rodrigues,"[Federal University of Piauí (UFPI), Brazil, Federal University of Piaui (UFPI), Brazil, National Institute of Telecommunications (Inatel), Brazil]"
John Chi Shing Lui,"[Chinese University of Hong Kong, Hong Kong]"
John Heidemann,"[University of Southern California, USC/ISI]"
Jon Crowcroft,[University of Cambridge]
Jong-Hoon Youn,"[University of Nebraska - Omaha, USA]"
JongWon Kim,"[GIST, Korea, GIST (Gwangju Institute of Science & Technology)]"
Joohyun Lee,"[Hanyang University, Korea]"
Joon-Myung Kang,"[Google, USA]"
Jorg Ott,"[Technische Universitat Munchen, Germany]"
Josep Jornet,"[Northeastern University, USA, University at Buffalo, USA]"
Ju Ren,"[Tsinghua University, P.R. China, Central South University, P.R. China, Tsinghua University]"
Julie A. McCann,"[Imperial College London, United Kingdom (Great Britain)]"
Julinda Stefa,"[Sapienza University of Rome, Italy]"
Jun Cai,"[Concordia University, Canada, Concordia University]"
Jun Li,"[City University of New York, USA]"
Jun Luo,"[Nanyang Technological University, Singapore]"
Jun Wu,"[Tongji University China, P.R. China]"
Jun Zhao,"[Nanyang Technological University, Singapore]"
Junchen Jiang,"[University of Chicago, U. Chicago]"
Junehwa Song,"[Korea Advanced Institute of Science and Technology (KAIST), South Korea]"
Jung-Min (Jerry) Park,"[Virginia Tech, USA]"
Junji Takemasa,[Osaka University]
Jussi Kangasharju,"[University of Helsinki, Finland]"
Justine Sherry,"[Carnegie Mellon University, CMU]"
Jyh-Cheng Chen,"[National Yang Ming Chiao Tung University, Taiwan, National Chiao Tung University, Taiwan]"
János Tapolcai,"[Budapest University of Technology and Economics, Hungary]"
Jörg Ott,"[Technische Universität München, Germany]"
K. K. Ramakrishnan,"[University of California, Riverside]"
Kai Bu,"[Zhejiang University, P.R. China, Zhejiang University, China]"
Kai Chen,"[Hong Kong University of Science and Technology, HKUST, Hong Kong University of Science and Technology, Hong Kong, Hong Kong University of Science and Technology, P.R. China]"
Kai Zeng,"[George Mason University, USA]"
Kai Zheng,[Huawei Technologies]
Kaigui Bian,"[Peking University, China]"
Kaiping Xue,"[University of Science and Technology of China, P.R. China, University of Science and Technology of China, China]"
Kaliappa Ravindran,"[City University of New York, USA, City University of New York]"
Kandaraj Piamrat,"[Nantes University/LS2N/INRIA, France, LS2N / University of Nantes]"
Kannan Srinivasan,"[The Ohio State University, USA]"
Kartik Gopalan,"[Binghamton University (SUNY), USA]"
Kasthuri Jayarajah,"[University of Maryland, Baltimore County, USA]"
Kate Ching-Ju Lin,"[National Chiao Tung University, Taiwan]"
Kate Lin,[National Chiao Tung University]
Katerina Argyraki,[EPFL]
Kavé Salamatian,"[LISTIC PolyTech, Université de Savoie Chambery Annecy, France]"
Kay Romer,"[Graz University of Technology, Austria]"
Kay Römer,"[Graz University of Technology, Austria]"
Ke Xu,"[Tsinghua University, P.R. China, Tsinghua University, China]"
Keisuke UEHARA,"[Keio University, Japan]"
Keisuke Uehara,[KEIO University]
Keith Winstein,"[Stanford, Stanford University]"
Kemal Akkaya,"[Florida International University, USA]"
Kenjiro Cho,[IIJ]
Kensuke Fukuda,"[NII, National Institute of Informatics, Japan]"
Keon Jang,"[Rubrik and MPI-SWS, MPI-SWS/Google, Max Planck Institute]"
Keqiu Li,"[Tianjin University, P.R. China]"
Khaled Diab,"[Simon Fraser University, Canada]"
Kirill Kogan,"[IMDEA Networks Institute, Spain]"
Klara Nahrstedt,"[University of Illinois Urbana-Champaign, USA]"
Kohei Watabe,[Nagaoka University of Technology]
Konstantinos Psounis,"[University of Southern California, USA]"
Krishna Gummadi,[MPI-SWS]
Krishna Sivalingam,"[Indian Institute of Technology Madras, India]"
Kuai Xu,"[Arizona State University, USA]"
Kui Wu,"[University of Victoria, Canada, University of Victoria]"
Kun Sun,"[George Mason University, USA]"
Kun Tan,[Huawei]
Kun Wang,"[UCLA, U.S.A.]"
Kurt Tutschku,"[Blekinge Institute of Technology, Sweden]"
Kyle Jamieson,"[Princeton, Princeton University]"
KyoungSoo Park,[Korea Advanced Institute of Science and Technology]
Kyu-Han Kim,"[Hewlett-Packard Laboratories, USA]"
Kyunghan Lee,"[Seoul National University, South Korea]"
Lalith Suresh,[VMware]
Lan Wang,"[University of Memphis, USA]"
Lan Zhang,"[University of Science and Technology of China, P.R. China]"
Lars Eggert,[NetApp]
Lars Wolf,"[Technische Universität Braunschweig, Germany]"
Laura Galluccio,"[University of Catania, Italy]"
Laurent Vanbever,"[ETHZ, ETH Zurich]"
Lei Ding,"[Accenture Labs, Cyber Security Group, USA]"
Lei Jiao,"[University of Oregon, USA, University of Oregon]"
Lei Wang,"[Dalian University of Technology, P.R. China]"
Lei Xie,"[Nanjing University, P.R. China]"
Lei Zhang,"[Tsinghua University, China]"
Leonardo Maccari,"[University of Trento, Italy]"
Li Chen,"[University of Louisiana at Lafayette, USA]"
Li Lu,"[Zhejiang University, P.R. China, Zhejiang University, China]"
Li Wang,"[Beijing University of Posts and Telecommunications, P.R. China]"
Li Xiao,"[Michigan State University, USA]"
Liang Cheng,"[Lehigh university, USA, Lehigh University, USA]"
Liang Xiao,"[Xiamen University, P.R. China, Xiamen University]"
Liang Zhang,[Huawei Corporation]
Lianjie Cao,"[Hewlett Packard Enterprise, USA]"
Liehuang Zhu,[Beijing Institute of Technology]
Lijun Chen,"[University of Colorado at Boulder, USA]"
Lili Qiu,[UT Austin]
Lin Cai,"[University of Victoria, Canada]"
Lin Chen,"[Sun Yat-sen University, P.R. China, The University of Paris-Sud, France]"
Lin Gu,"[Huazhong University of Science and Technology, China]"
Linghan Zhang,"[George Mason University, USA]"
Linghe Kong,"[Shanghai Jiao Tong University, P.R. China, Shanghai Jiao Tong University, China]"
Lingjia Liu,"[Virginia Tech, USA]"
Linke Guo,"[Clemson University, USA]"
Liran Ma,"[Texas Christian University, USA]"
Lisong Xu,"[University of Nebraska-Lincoln, USA]"
Lixia Zhang,"[University of California, Los Angeles]"
Lixin Gao,[University of Massachusetts Amherst]
Long Cheng,"[Clemson University, USA]"
Longbo Huang,"[Tsinghua University, P.R. China, Tsinghua University, P.R Chine]"
Longfei Shangguan,"[Princeton University, USA]"
Loukas Lazos,"[University of Arizona, USA]"
Lu Liu,"[University of Leicester, UK, University of Leicester]"
Lu Su,"[Purdue University, USA, State University of New York at Buffalo, USA]"
Luca Chiaraviglio,"[University of Rome Tor Vergata, Italy]"
Luca Davoli,[University of Parma]
Luca Mottola,"[Politecnico di Milano-Italy and Swedish Institute of Computer Science (SICS), Italy]"
Luciano Bononi,"[University of Bologna, Italy]"
Luiz DaSilva,"[Virginia Tech, USA]"
Luoyi Fu,"[Shanghai Jiao Tong University, P.R. China, Shanghai Jiao Tong University]"
Lydia Y. Chen,[TU Delft]
Maggie Cheng,"[Illinois Institute of Technology, USA]"
Mah-Rukh Fida,[Simula Metropolitan Centre for Digital Engineering]
Mahanth Gowda,"[The Pennsylvania State University, USA]"
Mahesh Marina,"[The University of Edinburgh, United Kingdom, The University of Edinburgh, United Kingdom (Great Britain)]"
Man Hon Cheung,"[City University of Hong Kong, Hong Kong, The Chinese University of Hong Kong, Hong Kong]"
Manuel Pereira Ricardo,"[Universidade do Porto, Portugal]"
Manuel Ricardo,"[Universidade do Porto, Portugal]"
Manya Ghobadi,"[MIT, Massachusetts Institute of Technology]"
Marco Ajmone Marsan,"[Politecnico di Torino, Italy]"
Marco Canini,"[KAUST, King Abdullah University of Science and Technology]"
Marco Chiesa,"[KTH Royal Institute of Technology, Sweden]"
Marco Di Felice,"[University of Bologna, Italy]"
Marco Fiore,"[IMDEA Networks Institute, Spain, National Research Council of Italy, Italy]"
Marco Levorato,"[University of California, Irvine, USA, University of California, USA]"
Marco Zuniga,"[Delft University of Technology, The Netherlands]"
Maria Gorlatova,"[Duke University, Duke University, USA]"
Mariana Afonso,[Netflix]
Marie-Jose Montpetit,"[Concordia University, Canada, MJMontpetit.com, USA]"
Marinho Barcellos,"[University of Waikato, New Zealand]"
Marisol Garcia-Valls,"[Universitat Politecnica de Valencia, Spain]"
Marisol García-Valls,"[Universitat Politècnica de València, Spain, Universitat Politecnica de Valencia, Spain, Universitat Politecnica de Valencia]"
Mariya Zheleva,"[UAlbany SUNY, USA]"
Mark Allman,[ICSI]
Mark Handley,[University College London]
Mark Yarvis,"[Intel Corporation, USA]"
Markus Fidler,"[Leibniz Universität Hannover, Germany]"
Martha Steenstrup,"[Stow Research LLC, USA, Stow Research LLC, Canada]"
Massimiliano Pierobon,"[University of Nebraska-Lincoln, USA]"
Massimo Tornatore,"[Politecnico di Milano, Italy]"
Matt Caesar,[University of Illinois Urbana–Champaign]
Matthew Roughan,[University of Adelaide]
Maurizio Magarini,"[Politecnico di Milano, Italy]"
Mauro Conti,"[University of Padua, Italy]"
Megumi Kaneko,"[National Institute of Informatics, Japan]"
Meng Shen,"[Beijing Institute of Technology, P.R. China, Beijing Institute of Technology, China]"
Miao Pan,"[University of Houston, USA]"
Michael Mitzenmacher,"[Harvard, Harvard University]"
Michael Schapira,[Hebrew University of Jerusalem]
Michael Segal,"[Ben-Gurion University of the Negev, Israel]"
Michael Welzl,[University of Oslo]
Michele Garetto,"[Università di Torino, Italy]"
Michele Nogueira,"[Federal University of Minas Gerais, Brazil, Federal University of Parana (UFPR), Brazil]"
Michele Rossi,"[University of Padova, Italy]"
Michele Zorzi,"[University of Padova, Italy]"
Michiaki Hayashi,"[KDDI Corporation, Japan, KDDI Corporation]"
Min Chen,"[Google Inc., USA]"
Min Liu,"[Institute of Computing Technology, Chinese Academy of Sciences]"
Min Song,"[Stevens Institute of Technology, USA]"
Min Zhang,"[University of Oslo, Norway]"
Mina Tahmasbi Arashloo,[Cornell University]
Ming Li,"[University of Texas at Arlington, USA, University of Arizona, USA, UT Arlington, USA]"
Ming Liu,[University of Wisconsin-Madison]
Ming-Jer Tsai,"[National Tsing Hua University, Taiwan]"
Minghua Chen,"[City University of Hong Kong, Hong Kong, City University of Hong Kong, China]"
Mingjun Xiao,"[University of Science and Technology of China, P.R. China]"
Mingkui Wei,"[George Mason University, USA, Sam Houston State University, USA]"
Mingyue Ji,"[University of Utah, USA]"
Minlan Yu,"[Harvard University, Harvard]"
Mo Li,"[Nanyang Technological University, Singapore]"
Mo Sha,"[Florida International University, USA, State University of New York at Binghamton, USA]"
Mobin Javed,[LUMS]
Mohamed Hefeeda,"[Simon Fraser University, Canada]"
Mohammad Alizadeh,"[MIT, Massachusetts Institute of Technology]"
Moinul Hossain,"[Towson University, USA]"
Mooi Choo Chuah,"[Lehigh University, USA]"
Morley Mao,"[University of Michigan, University of Michigan and Google]"
Mosharaf Chowdhury,"[UMich, University of Michigan]"
Mostafa Uddin,"[Bell Labs (Nokia), USA]"
Moustafa Youssef,"[Alexandria University, Egypt]"
Muhammad Shahbaz,[Purdue University]
Mukesh Singhal,"[University of California at Merced, USA]"
Mun Choon Chan,"[National University of Singapore, Singapore]"
Murat Yuksel,"[University of Central Florida, USA]"
My Thai,"[University of Florida, USA]"
Mythili Vutukuru,[IIT Bombay]
Myungjin Lee,"[University of Edinburgh, United Kingdom (Great Britain)]"
Nakjung Choi,"[Nokia Bell Labs, USA, Nokia]"
Nam Nguyen,"[Towson University, USA]"
Nandita Dukkipati,[Google]
Natalya Rozhnova,"[Nokia Bell Labs France, France]"
Nate Foster,[Cornell University]
Nathalie Mitton,"[Inria Lille - Nord Europe, France]"
Nathan Bronson,"[Facebook, Rockset]"
Neeraja J. Yadwadkar,[UT Austin and VMware Research]
Neil Spring,"[University of Maryland / Facebook, Facebook]"
Nicholas Gong Zhang,"[Huawei Research, P.R. China]"
Nick Feamster,[University of Chicago]
Nikhil Karamchandani,"[Indian Institute of Technology Bombay, India]"
Nikos Laoutaris,[IMDEA Networks Institute]
Ning Lu,"[Queen's University, Canada]"
Ning Wang,"[Rowan University, USA]"
Ning Zhang,"[Washington University in St. Louis, USA]"
Nirupama Bulusu,"[Portland State University, USA]"
Noa Zilberman,[University of Oxford]
Noel Crespi,"[Institut Mines-Télécom, Télécom SudParis]"
Novella Bartolini,"[Sapienza University of Rome, Italy]"
Octav Chipara,[University of Iowa]
Olav Lysne,"[Simula Metropolitan Center for Digital Engineering (SimulaMet), Norway]"
Oliver Hohlfeld,[Brandenburg University of Technology]
Oliver Waldhorst,"[Karlsruhe University of Applied Sciences, Germany]"
Olivier Bonaventure,"[Université catholique de Louvain, UCLouvain]"
Omid Abari,"[UCLA, Waterloo, University of California, Los Angeles]"
Omprakash Gnawali,"[University of Houston, USA]"
Onur Altintas,"[Toyota Motor North America R&D, USA, Toyota InfoTechnology Center, USA, Inc., USA]"
Ori Rottenstreich,"[Technion, Israel]"
Ozgur Ercetin,"[Sabanci University, Turkey]"
Ozgur Gurbuz,"[Sabanci University, Turkey]"
Pablo Serrano,"[Universidad Carlos III de Madrid, Spain]"
Pan Hui,[Hong Kong University of Science and Technology]
Pan Li,"[Case Western Reserve University, USA]"
Panlong Yang,"[University of Science and Technology of China, P.R. China, University of Science and Technology of China, China, University of Science and Technology of China]"
Paolo Casari,"[University of Trento, Italy, IMDEA Networks Institute, Spain]"
Paolo Costa,[Microsoft Research]
Paolo Giaccone,"[Politecnico di Torino, Italy]"
Paolo Santi,"[IIT-CNR, Italy]"
Parth Pathak,"[George Mason University, USA]"
Patrick P. C. Lee,"[The Chinese University of Hong Kong, China]"
Patrick Pak-Ching Lee,"[The Chinese University of Hong Kong, Hong Kong]"
Patrick Tague,"[Carnegie Mellon University, USA]"
Patrick Thiran,[EPFL]
Paul Barford,[UWisc]
Pei Zhang,"[Carnegie Mellon University, USA]"
Peng Zhang,"[Xi'an Jiaotong University, P.R. China]"
Pengfei Hu,"[Shandong University, P.R. China]"
Per Gunningberg,"[Uppsala University, Sweden]"
Peshal Nayak,"[Samsung Research America, USA]"
Petar Popovski,"[Aalborg University, Denmark]"
Peter Steenkiste,[CMU]
Petri Mahonen,"[RWTH Aachen University, Germany]"
Petri Mähönen,"[RWTH Aachen University, Germany]"
Philippa Richter,[MIT]
Phillipa Gill,[UMass Amherst]
Phone Lin,"[National Taiwan University, Taiwan]"
Pietro Manzoni,"[Universitat Politecnica de Valencia, Spain, Universitat Politècnica de València, Spain]"
Polly Huang,[NTU]
Przemyslaw Pawelczak,"[Delft University of Technology, The Netherlands]"
Pu Wang,"[University of North Carolina at Charlotte, USA]"
Qi Han,"[Colorado School of Mines, USA]"
Qian Zhang,"[Hong Kong University of Science and Technology, P.R. China]"
Qian Zhou,"[University of Illinois Urbana-Champaign, USA]"
Qiang Tang,"[New Jersey Institute of Technology, USA]"
Qiao Xiang,"[Xiamen University, P.R. China, Yale University, USA, Xiamen University, China]"
Qiben Yan,"[Michigan State University, USA, University of Nebraska-Lincoln, USA]"
Qin Hu,"[IUPUI, USA]"
Qin Liu,"[Hunan University, P.R. China]"
Qing Wang,"[Delft University of Technology, The Netherlands]"
Qing Yang,"[University of North Texas, USA]"
Qinghua Li,"[University of Arkansas, USA]"
Qingjun Xiao,"[SouthEast University of China, P.R. China]"
Qingyu Liu,"[Virginia Tech, USA, Virginia Polytechnic Institute and State University, USA]"
Qiulin Lin,"[City University of Hong Kong, China]"
Qun Li,"[William & Mary, USA]"
R. R. Venkatesha Prasad,"[Delft University of Technology, The Netherlands]"
Rachee Singh,[Microsoft]
Rachit Agarwal,[Cornell University]
Radhika Mittal,"[UIUC/MIT, UIUC]"
Radhika Niranjan Mysore,"[VMware Research, VMWare]"
Raffaele Bruno,"[IIT-CNR, Italy]"
Rajalakshmi Nandakumar,[Cornell University]
Rajesh Balan,[Singapore Management University]
Ralf Müller,"[Friedrich-Alexander Universität Erlangen-Nürnberg, Germany]"
Ramanujan K Sheshadri,"[NEC Labs America, USA]"
Ramanujan Sheshadri,"[NEC Labs America, USA]"
Ramesh Sitaraman,[University of Massachusetts Amherst]
Ramya Raghavendra,"[IBM Research, USA]"
Ran Ben Basat,[University College London]
Ranveer Chandra,[Microsoft]
Ratul Mahajan,"[University of Washington, Intentionet, University of Washington and Intentionet]"
Ravi Kokku,"[Merlyn Mind, Inc., USA, XIO Research, USA, IBM Research, USA]"
Ravi Netravali,[UC Los Angeles / Princeton University]
Renata Teixeira,"[Inria, Netflix]"
Renato Lo Cigno,"[University of Brescia, Italy, University of Trento, Italy]"
Reza Rejaie,[U. Oregon]
Ricardo Schmidt,[U. Passo Fundo]
Richard La,"[University of Maryland, USA]"
Rob Sherwood,[Facebook]
Robert Birke,"[ABB Corporate Research, Switzerland, ABB Future Labs, Switzerland, University of Torino, Italy, ABB Corporate Research]"
Robert Soulé,"[Università della Svizzera italiana, Yale University]"
Roberto Di Pietro,"[Hamad Bin Khalifa University, Qatar]"
Roberto Rojas-Cessa,"[New Jersey Institute of Technology, USA]"
Roland van Rijswijk-Deij,[University of Twente]
Romain Fontugne,"[Internet Initiative Japan Inc., Japan]"
Romit Roy Choudhury,"[University of Illinois at Urbana Champaign, University of Illinois Urbana–Champaign]"
Rong Pan,"[Cisco Systems, USA]"
Rong Zheng,"[McMaster University, Canada]"
Rongxing Lu,"[University of New Brunswick, Canada, University of New Brunswick]"
Rosa Leão,"[Federal University of Rio de Janeiro, Brazil]"
Roy Friedman,"[Technion, Israel]"
Rui Campos,"[INESC TEC and Faculty of Engineering, University of Porto, Portugal, INESC TEC and Faculty of Engineering, Portugal, University of Porto, Portugal]"
Rui Tan,"[Nanyang Technological University, Singapore]"
Rui Zhang,"[University of Delaware, USA]"
Ruidong Li,"[NICT, Japan, National Institute of Information and Communications Technology (NICT), Japan, Kanazawa University, Japan, Kanazawa University]"
Ruipeng Gao,"[Beijing Jiaotong University, China]"
Ruiting Zhou,"[Southeast University, China]"
Ruozhou Yu,"[North Carolina State University, USA, Arizona State University, USA]"
Ryan Beckett,[Microsoft Research]
S.-H. Gary Chan,"[The Hong Kong University of Science and Technology, Hong Kong, Hong Kong University of Science and Technology, Hong Kong, Hong Kong University of Science and Technology, P.R. China, The Hong Kong University of Science and Technology, P.R. China]"
Sabrina Sicari,"[University of Insubria, Italy]"
Sachin Katti,[Intel and Stanford University]
Sajal Das,"[Missouri University of Science and Technology, USA]"
Salil Kanhere,"[UNSW Sydney, Australia]"
Salvatore D'Oro,"[Northeastern University, USA]"
Sangeetha Abdu Jyothi,"[UC Irvine, VMware Research]"
Sangheon Pack,"[Korea University, South Korea, Korea University, Korea, Korea University]"
Sangtae Ha,"[University of Colorado Boulder, USA]"
Sanjay Jha,[U. New South Wales]
Sanjay Rao,[Purdue University]
Santhosh Prabhu,[VMware]
Sasitharan Balasubramaniam,"[Waterford Institute of Technology, Ireland, Tampere University of Technology, Finland]"
Sasu Tarkoma,"[University of Helsinki, Finland]"
Satyajayant Misra,"[New Mexico State University, USA]"
Scott Pudlewski,"[Georgia Tech Research Institute, USA, Air Force Research Laboratory, USA]"
Selcuk Uluagac,"[Florida International University, USA]"
Serge FDIDA,"[Sorbonne Universite, France]"
Serge Fdida,[Sorbonne University]
Sergey Gorinsky,"[IMDEA Networks Institute, IMDEA Networks Institute, Spain]"
Sergey Nikolenko,"[Harbour Space University, Spain, Steklov Mathematical Institute at St Petersburg, Russia]"
Sergio Salinas,"[Wichita State University, USA]"
Sergio Salinas Monroy,"[Wichita State University, USA]"
Shahriar Nirjon,"[University of North Carolina at Chapel Hill, USA]"
Shan Lin,"[Stony Brook University, USA]"
Shangtong Zhang,[University of Oxford]
Shaojie Tang,"[University of Texas at Dallas, USA]"
Shaolei Ren,"[UC Riverside, USA]"
Sharan Naribole,[Apple Inc. USA]
Shay Kutten,"[Technion, Israel]"
Sheng Zhang,"[Nanjing University, P.R. China]"
Shenglin Zhang,[Nankai University]
Shengling Wang,"[Beijing Normal University, P.R. China]"
Shengzhong Liu,"[University of Illinois at Urbana-Champaign, USA]"
Shibo He,"[Zhejiang University, P.R. China]"
Shigeng Zhang,"[Central South University, China]"
Shih-Chun Lin,"[North Carolina State University, USA]"
Shitong Zhu,"[Meta Platforms, Inc., USA]"
Shivaram Venkataraman,[University of Wisconsin-Madison]
Shivendra Panwar,"[New York University, USA]"
Shizhen Zhao,"[Shanghai Jiao Tong University, China]"
Shuai Mu,[Stony Brook University]
Shucheng Yu,"[Stevens Institute of Technology, USA]"
Shui Yu,"[University of Technology Sydney, Australia]"
Shuochao Yao,"[University of Illinois Urbana-Champaign, USA]"
Shuyu Shi,"[University of Nanjing, P.R. China]"
Shyam Gollakota,[University of Washington]
Silvia Giordano,"[University of Applied Sciences and Arts of Southern Switzerland (SUPSI), Switzerland]"
Simon Leinen,[SWITCH]
Simone Silvestri,"[University of Kentucky, USA, University of Kentucky]"
Sinan Hanay,"[Erzurum Technical University, Turkey]"
Sindri Magnùsson,"[Stockholm University, Sweden]"
Sofie Pollin,"[KU Leuven, Belgium]"
Song Fang,"[University of Oklahoma, USA, University of Oklahoma]"
Song Guo,"[The Hong Kong Polytechnic University, Hong Kong]"
Song Min Kim,"[KAIST, South Korea, KAIST, Korea]"
Songqing Chen,"[George Mason University, USA]"
Soo-Jin Moon,[Google]
Spyridon Mastorakis,"[University of Notre Dame, USA]"
Srihari Nelakuditi,"[University of South Carolina, USA]"
Srikanth Kandula,[Microsoft Research]
Srini Seshan,"[CMU, Carnegie Mellon University]"
Srinivas Narayana,[Rutgers]
Srinivas Shakkottai,"[Texas A&M University, USA]"
Sriram Chellappan,"[University of South Florida, USA]"
Stefan Schmid,"[University of Vienna, Austria]"
Stefano Basagni,"[Northeastern University, USA]"
Stefano Vissicchio,[University College London]
Stenio Fernandes,"[Service Now, Canada, Element AI, Canada]"
Stephan Sigg,"[Aalto University, Finland]"
Stephen Lee,"[University of Pittsburgh, USA]"
Steve Uhlig,[Queen Mary University of London]
Steven Ko,"[Simon Fraser University, Canada, University at Buffalo, USA]"
Stratis Ioannidis,"[Northeastern University, USA]"
Sudip Misra,"[Indian Institute of Technology-Kharagpur, India]"
Sue Moon,[Korea Advanced Institute of Science and Technology]
Suining He,"[The University of Connecticut, USA]"
Sujata Banerjee,[VMware Research]
Suman Banerjee,[University of Wisconsin -- Madison]
Sung-Ju Lee,"[KAIST, KAIST, South Korea, KAIST, Korea]"
Suresh Subramaniam,"[George Washington University, USA]"
Swarun Kumar,"[Carnegie Mellon University, USA]"
Swetank Kumar Saha,"[Apple Inc., USA]"
Syed Rafiul Hussain,"[Pennsylvania State University, USA]"
Sylvia Ratnasamy,[UC Berkeley]
T. S. Eugene Ng,[Rice University]
T.S. Eugene Ng,[Rice University]
Taekyoung Kwon,[Seoul National University]
Takeshi Hirai,"[Osaka University, Japan]"
Tam Vu,"[University of Colorado, Boulder]"
Tamer ElBatt,"[The American University in Cairo (AUC), Egypt, The American University in Cairo (AUC), USA, Faculty of Engineering, Cairo University, Egypt]"
Tamer Nadeem,"[Virginia Commonwealth University, USA]"
Tao Gu,"[RMIT University, Australia]"
Tao Jiang,"[Huazhong University of Science and Technology, P.R. China]"
Tao Li,"[Indiana University-Purdue University Indianapolis, USA]"
Tao Shu,"[Auburn University, USA]"
Tarek Abdelzaher,"[University of Illinois Urbana-Champaign, USA]"
Tarun Bansal,"[Google, USA]"
Tatsuaki Kimura,"[Osaka University, Japan]"
Te-yuan Huang,[Netflix]
Teruo Higashino,"[Kyoto Tachibana University, Japan, Osaka University, Japan]"
Thanasis Korakis,"[University of Thessaly, Greece]"
Theo Benson,[Brown University]
Theophilus Benson,[Brown University]
Thomas Dreibholz,"[Simula Metropolitan Center for Digital Engineering (SimulaMet), Norway, Simula Metropolitan Centre for Digital Engineering]"
Thomas Karagiannis,[Microsoft Research]
Thrasyvoulos Spyropoulos,"[Technical University of Crete, Greece, EURECOM, France]"
Tian Guo,"[Worcester Polytechnic Institute, USA]"
Tian Lan,"[George Washington University, USA]"
Tilman Wolf,"[University of Massachusetts Amherst, USA, University of Massachusetts Amherst]"
Timothy G. Griffin,[University of Cambridge]
Timothy O'Shea,"[Virginia Tech, USA]"
Ting He,"[Penn State University, USA]"
Ting Zhu,"[University of Maryland, Baltimore County, USA]"
Tingjun Chen,"[Duke University, USA]"
Tingting Chen,"[California State Polytechnic University, USA, California State Polytechnic University, Pomona, USA]"
Tommaso Melodia,"[Northeastern University, USA]"
Tong Yang,"[Peking University, P.R. China]"
Tony Luo,"[Missouri University of Science and Technology, USA, Institute for Infocomm Research, Singapore]"
Torsten Braun,"[University of Bern, Switzerland, University of Bern]"
Ulas Kozat,"[Huawei R&D, USA]"
Valeria Loscri,"[Inria Lille-Nord Europe, France]"
Valeria Loscrí,"[Inria Lille-Nord Europe, France]"
Valerio Frascolla,[Intel Deutschland GmbH]
Vana Kalogeraki,"[Athens University of Economics and Business, Greece]"
Vaneet Aggarwal,"[Purdue University, USA]"
Vasanta Chaganti,"[Swarthmore College, USA]"
Venkat Padmanabhan,[Microsoft]
Venkatesha Prasad,"[Delft University of Technology, The Netherlands]"
Viktoria Fodor,"[KTH Royal Institute of Technology, Sweden]"
Vinayak Naik,"[BITS Pilani, Goa, India, BITS Pilani, India]"
Vincent Liu,[University of Pennsylvania]
Vincent Wong,"[University of British Columbia, Canada]"
Vincenzo Mancuso,"[IMDEA Networks Institute, Spain]"
Vincenzo Sciancalepore,"[NEC Laboratories Europe GmbH, Germany]"
Violet Syrotiuk,"[Arizona State University, USA]"
Vishal Misra,[Columbia University]
Vyas Sekar,[CMU]
Wai-Xi Liu,[Guangzhou University]
Walter Willinger,"[NIKSUN, Inc., NIKSUN]"
Wan Du,"[University of California, Merced, USA]"
Wei Bao,"[The University of Sydney, Australia, University of Sydney, Australia]"
Wei Cheng,"[University of Washington, USA]"
Wei Gao,"[University of Pittsburgh, USA]"
Wei Li,"[Georgia State University, USA, Texas Southern University, USA]"
Wei Lou,"[The Hong Kong Polytechnic University, Hong Kong]"
Wei Wang,"[San Diego State University, USA, Hong Kong University of Science and Technology, Hong Kong, Huazhong University of Science and Technology, P.R. China, HKUST, China]"
Wei Yu,"[Towson University, USA]"
Wei-Shinn Jeff Ku,"[Auburn University and National Science Foundation, USA]"
Weichao Wang,"[University of North Carolina at Charlotte, USA, University of North Carolina at Charlotte, US, USA]"
Weikuan Yu,"[Florida State University, USA]"
Weili (lily) Wu,"[University of Texas at Dallas, USA]"
Weiwei Wu,[Southeast University]
Weiyi Zhang,"[AT&T Research, USA]"
Wen Hu,[UNSW]
Wen Sun,[Northwestern Polytechnical University]
Wen-Zhan Song,"[University of Georgia, USA]"
WenZhan Song,"[University of Georgia, USA]"
Wenbo He,"[McMaster University, Canada]"
Wenchi Cheng,"[Xidian University, P.R. China]"
Wenhai Sun,"[Purdue University, USA]"
Wenjia Li,"[New York Institute of Technology, USA]"
Wenjing Lou,"[Virginia Tech, USA]"
Wensheng Zhang,"[Iowa State University, USA]"
Wenxin Li,"[Tianjin University, P.R. China, Hong Kong University of Science & Technology, Hong Kong]"
Wenyao Xu,"[SUNY Buffalo, USA]"
Wenye Wang,"[NC State University, USA]"
Wonjun Lee,"[Korea University, South Korea, Korea University, Korea]"
Xavier Costa-Perez,"[NEC Laboratories Europe, Germany]"
Xi Chen,"[Samsung Electronics, Canada]"
Xianfu Chen,"[VTT Technical Research Centre of Finland, Finland]"
Xiang-Yang Li,"[University of Science and Technology of China, P.R. China]"
Xiangwei Zhou,"[Louisiana State University, USA, Louisiana State University]"
Xiaodong Lin,"[University of Guelph, Canada]"
Xiaofan He,"[Wuhan University, P.R. China]"
Xiaofei Wang,"[Tianjin University, P.R. China]"
Xiaohua Tian,"[Shanghai Jiao Tong University, China]"
Xiaohui Liang,"[University of Massachusetts Boston, USA]"
Xiaojiang Du,"[Stevens Institute of Technology, USA, Temple University, USA]"
Xiaojun Cao,"[Georgia State University, USA]"
Xiaolong Zheng,"[Beijing University of Posts and Telecommunications, P.R. China, Beijing University of Posts and Telecommunications, China, Beijing University of Posts and Telecommunications]"
Xiaoming Fu,"[University of Goettingen, Germany]"
Xiaonan Guo,"[Indiana University-Purdue University Indianapolis, USA]"
Xiaonan Zhang,"[Florida State University, USA]"
Xiaowei Yang,"[Duke and Google, Duke University]"
Xiaowen Chu,"[Hong Kong Baptist University, Hong Kong, The Hong Kong University of Science and Technology (Guangzhou), China]"
Xiaowen Gong,"[Auburn University, USA, Auburn University]"
Xiaoxia Huang,"[Sun Yat-Sen University, P.R. China]"
Xiaoyu Ji,"[Zhejiang University, P.R. China]"
Xiapu Luo,"[The Hong Kong Polytechnic University, Hong Kong, The Hong Kong Polytechnic University, China, The Hong Kong Polytechnic University]"
Xin Jin,"[Johns Hopkins University, Peking University, Peking University, P.R. China, Johns Hopkins University, USA]"
Xin Liu,"[ShanghaiTech University, P.R. China, University of Michigan, USA]"
Xin Wang,"[Stony Brook University, USA]"
Xin Yao,"[Central South University, P.R. China]"
Xinggong Zhang,"[Peking University, China]"
Xingya Liu,"[Lamar University, USA]"
Xinwen Fu,"[University of Massachusetts Lowell, USA]"
Xiulong Liu,"[Tianjin University, P.R. China, The Hong Kong Polytechnic University, Hong Kong]"
Xiuzhen Cheng,"[Shandong University, P.R. China, George Washington University, USA, George Washington Univ, USA]"
Xu Yuan,"[University of Louisiana at Lafayette, USA]"
Xudong Wang,"[Shanghai Jiao Tong University, P.R. China]"
Xue Liu,"[McGill University, Canada]"
Xuening Xu,"[Stevens Institute of Technology, USA]"
Xuetao Wei,"[University of Cincinnati, USA]"
Xueyan Tang,"[Nanyang Technological University, Singapore]"
Y. Charlie Hu,[Purdue University]
Y. Richard Yang,"[Yale University, USA]"
Yacine Ghamri-Doudane,"[La Rochelle University, France, University of la Rochelle]"
Yalin Sagduyu,"[Virginia Tech, USA, Intelligent Automation, USA, Intelligent Automation, Inc., USA]"
Yaling Yang,"[Virginia Tech, USA]"
Yan Wang,"[Temple University, USA, SUNY at Binghamton, USA]"
Yan Zhang,"[University of Oslo, Norway]"
Yanchao Zhao,"[Nanjing University of Aeronautics and Astronautics, P.R. China]"
Yang Chen,"[Fudan University, China]"
Yang Richard Yang,[Yale University]
Yang Xiao,[The University of Alabama]
Yang Xu,[Fudan University]
Yanjiao Chen,"[Zhejiang University, P.R. China, Wuhan University, P.R. China, School of Computer Science, Wuhan University, P.R. China]"
Yanmin Gong,"[University of Texas at San Antonio, USA, Oklahoma State University, USA]"
Yanmin Zhu,"[Shanghai Jiao Tong University, P.R. China, Shanghai Jiao Tong University, China]"
Yansha Deng,"[King's College London, United Kingdom (Great Britain)]"
Yantian Hou,"[Boise State University, USA]"
Yanyong Zhang,"[Rutgers University, USA]"
Yanzhi Ren,"[University of Electronic Science and Technology of China, P.R. China]"
Yao Liu,"[University of South Florida, USA]"
Yao Zheng,"[University of Hawai'i at Mānoa, USA]"
Yaodong Huang,"[Shenzhen University, China]"
Yaru Fu,[Hong Kong Metropolitan University]
Yasaman Ghasempour,[Princeton University]
Yashar Ganjali,"[University of Toronto, Huawei Canada, University of Toronto and Huawei Canada]"
Yasuo Okabe,[Kyoto University]
Yating Yang,"[Beijing Institute of Technology, China]"
Yaxiong Xie,[Princeton University]
Ye Tian,[Beijing University of Posts and Telecommunications]
Yi Qian,"[University of Nebraska–Lincoln, USA]"
Yi Shi,"[Virginia Tech, USA]"
Yi Wang,"[Southern University of Science and Technology, China, Southern University of Science and Technology]"
Yi Zhao,[Tsinghua University]
Yi-Han Chiang,"[Osaka Metropolitan University, Japan]"
Yibo Zhu,"[Google Inc., ByteDance Inc., ByteDance]"
Yidan Hu,"[Rochester Institute of Technology, USA]"
Yifan Zhang,"[SUNY Binghamton, USA]"
Yifei Zhu,"[Shanghai Jiao Tong University, China, Shanghai Jiao Tong University]"
Yimin Chen,"[University of Massachusetts Lowell, USA]"
Yin Sun,"[Auburn University, USA]"
Ying Wang,"[Qualcomm, USA]"
Ying Zhang,[Facebook]
Yingfei Dong,"[University of Hawaii, USA]"
Yingshu Li,"[Georgia State University, USA]"
Yingya Guo,[Fuzhou University]
Yingying Chen,[Rutgers University]
Yiting Xia,[Max Planck Institute for Informatics]
Yiying Zhang,"[University of California, San Diego]"
Yong Cui,"[Tsinghua University, P.R. China, Tsinghua University, China]"
Yong Guan,"[Iowa State University, USA]"
Yonggang Wen,"[Nanyang Technological University, Singapore]"
Yoora Kim,"[University of Ulsan, Korea]"
You Zhou,"[Google, USA]"
Young-Bae Ko,"[Ajou University, South Korea]"
Youngki Lee,"[Seoul National University, South Korea]"
Yu Chen,"[Binghamton University, USA]"
Yu Cheng,"[Illinois Institute of Technology, USA]"
Yu Hua,"[Huazhong University of Science and Technology, Huazhong University of Science and Technology, P.R. China]"
Yu Wang,"[Temple University, USA, University of North Carolina at Charlotte, USA]"
Yu-Chee Tseng,"[National Chiao-Tung University, Taiwan]"
Yuan He,"[Tsinghua University, P.R. China, Tsinghua University]"
Yuan Luo,"[Imperial College London, United Kingdom (Great Britain)]"
Yuan Wu,"[University of Macau, China, University of Macau]"
Yuan Zhang,"[Nanjing University, P.R. China]"
Yuanqing Zheng,"[The Hong Kong Polytechnic University, Hong Kong]"
Yuanxiong Guo,"[University of Texas at San Antonio, USA, The University of Texas at San Antonio, USA, Oklahoma State University, USA]"
Yuanyuan Yang,"[Stony Brook University, USA]"
Yuben Qu,"[Nanjing University of Aeronautics and Astronautics, P.R. China, Nanjing University of Aeronautics and Astronautics, China]"
Yuchao Zhang,"[Beijing University of Posts and Telecommunications, China]"
Yuedong Xu,[Fudan University]
Yueyue Dai,"[Nanyang Technological University, Singapore]"
Yunfei Ma,"[Alibaba US Inc., USA]"
Yung Yi,"[KAIST, Korea]"
Yunhao Liu,"[Tsinghua University, P.R. China]"
Yunhuai Liu,"[Peking University, P.R. China]"
Yunlong Lu,[Beijing University of Posts and Telecommunications]
Yunxin Liu,"[Institute for AI Industry Research (AIR), Tsinghua University, Microsoft Research, USA]"
Yupeng Li,"[Hong Kong Baptist University, Hong Kong, University of Toronto, Canada]"
Yuqing Zhu,"[California State University, Los Angeles, USA, California State University, USA]"
Yusheng Ji,"[National Institute of Informatics, Japan]"
Zafar Ayyub Qazi,[LUMS]
Zaffar Ayyub Qazi,[Lahore University of Management Sciences]
Zehua Guo,"[Beijing Institute of Technology, China]"
Zenghua Zhao,"[Tianjin University, P.R. China]"
Zhangyu Guan,"[University at Buffalo, USA]"
Zhen Jiang,"[West Chester University of Pennsylvania, USA]"
Zhen Ling,"[Southeast University, P.R. China]"
Zheng Chang,"[University of Jyväskylä, Finland]"
Zheng Yan,"[Xidian University, P.R. China]"
Zheng Yang,"[Tsinghua University, P.R. China]"
Zhenghao Zhang,"[Florida State University, USA]"
Zhenhai Duan,"[Florida State University, USA]"
Zhenhua Han,"[Microsoft Research Asia, P.R. China]"
Zhenhua Li,"[Tsinghua University, P.R. China]"
Zhenjiang Li,"[City University of Hong Kong, Hong Kong, City University of Hong Kong, China]"
Zhenming Liu,"[College of William and Mary, USA]"
Zhenyu Li,"[Institute of Computing Technology, Chinese Academy of Sciences, P.R. China, Institute of Computing Technology, P.R. China]"
Zhenzhe Zheng,"[Shanghai Jiao Tong University, P.R. China]"
Zhetao Li,[Xiangtan University]
Zhi Liu,"[The University of Electro-Communications, Japan]"
Zhi Sun,"[Tsinghua University, P.R. China, State University of New York at Buffalo, USA]"
Zhi Zhou,"[Sun Yat-sen University, China]"
Zhi-Li Zhang,[University of Minnesota]
Zhibo Wang,"[Zhejiang University, P.R. China, Zhejiang University]"
Zhichao Cao,"[Michigan State University, USA, Tsinghua University, P.R. China]"
Zhiguo Wan,"[Zhejiang Lab, Hangzhou, Zhejiang, P.R. China, Zhejiang Lab, P.R. China, Shandong University, P.R. China]"
Zhipeng Cai,"[Georgia State University, USA]"
Zhizhen Zhong,[Massachusetts Institute of Technology]
Zhu Han,"[University of Houston, USA]"
Zhuo Lu,"[University of South Florida, USA]"
Zizhan Zheng,"[Tulane University, USA]"
Zongqing Lu,"[Peking University, P.R. China]"
Zongxing Xie,"[Stony Brook University, USA]"
