id,label,description,url,x,y,cluster,weight<Links>,weight<Total link strength>
77/5087,Alaa Alameldeen,"<h2><b>Alaa Alameldeen</b></h2><h3>dblp_id: 77/5087</h3><h3>DBLP URL: <a href='https://dblp.org/pid/77/5087'>https://dblp.org/pid/77/5087</a></h3><h3>Affiliation: Simon Fraser, Simon Fraser University</h3>",https://dblp.org/pid/77/5087,0.82,0.3508,1,128,3666
45/7115,Abdullah Muzahid,<h2><b>Abdullah Muzahid</b></h2><h3>dblp_id: 45/7115</h3><h3>DBLP URL: <a href='https://dblp.org/pid/45/7115'>https://dblp.org/pid/45/7115</a></h3><h3>Affiliation: Texas A&M</h3>,https://dblp.org/pid/45/7115,-0.5031,-0.5614,4,30,623
87/4706,Ruby Lee,"<h2><b>Ruby Lee</b></h2><h3>dblp_id: 87/4706</h3><h3>DBLP URL: <a href='https://dblp.org/pid/87/4706'>https://dblp.org/pid/87/4706</a></h3><h3>Affiliation: Princeton, Princeton University</h3>",https://dblp.org/pid/87/4706,-0.9447,-0.2104,4,94,924
h/MarkDHill,Mark Hill,<h2><b>Mark Hill</b></h2><h3>dblp_id: h/MarkDHill</h3><h3>DBLP URL: <a href='https://dblp.org/pid/h/MarkDHill'>https://dblp.org/pid/h/MarkDHill</a></h3><h3>Affiliation: Wisconsin</h3>,https://dblp.org/pid/h/MarkDHill,-0.3831,0.531,2,181,3384
73/3514,Zehra Sura,<h2><b>Zehra Sura</b></h2><h3>dblp_id: 73/3514</h3><h3>DBLP URL: <a href='https://dblp.org/pid/73/3514'>https://dblp.org/pid/73/3514</a></h3><h3>Affiliation: IBM Research</h3>,https://dblp.org/pid/73/3514,-0.5406,-0.4175,5,63,995
11/2624,Yan Solihin,<h2><b>Yan Solihin</b></h2><h3>dblp_id: 11/2624</h3><h3>DBLP URL: <a href='https://dblp.org/pid/11/2624'>https://dblp.org/pid/11/2624</a></h3><h3>Affiliation: UCF</h3>,https://dblp.org/pid/11/2624,0.3865,0.5055,4,112,2736
42/5189,Xuehai Qian,<h2><b>Xuehai Qian</b></h2><h3>dblp_id: 42/5189</h3><h3>DBLP URL: <a href='https://dblp.org/pid/42/5189'>https://dblp.org/pid/42/5189</a></h3><h3>Affiliation: USC</h3>,https://dblp.org/pid/42/5189,-0.2446,-0.4171,4,42,758
v/NarayananVijaykrishnan,Vijaykrishnan Narayanan,<h2><b>Vijaykrishnan Narayanan</b></h2><h3>dblp_id: v/NarayananVijaykrishnan</h3><h3>DBLP URL: <a href='https://dblp.org/pid/v/NarayananVijaykrishnan'>https://dblp.org/pid/v/NarayananVijaykrishnan</a></h3><h3>Affiliation: Penn State</h3>,https://dblp.org/pid/v/NarayananVijaykrishnan,0.5513,-0.5694,1,147,8305
89/5932,Ulya Karpuzcu,"<h2><b>Ulya Karpuzcu</b></h2><h3>dblp_id: 89/5932</h3><h3>DBLP URL: <a href='https://dblp.org/pid/89/5932'>https://dblp.org/pid/89/5932</a></h3><h3>Affiliation: University of Minnesota, Minnesota</h3>",https://dblp.org/pid/89/5932,-0.6099,-0.5655,4,83,2135
10/2904,Timothy Pinkston,<h2><b>Timothy Pinkston</b></h2><h3>dblp_id: 10/2904</h3><h3>DBLP URL: <a href='https://dblp.org/pid/10/2904'>https://dblp.org/pid/10/2904</a></h3><h3>Affiliation: USC</h3>,https://dblp.org/pid/10/2904,-0.6881,-0.2563,5,45,596
01/1282,Thomas Wenisch,<h2><b>Thomas Wenisch</b></h2><h3>dblp_id: 01/1282</h3><h3>DBLP URL: <a href='https://dblp.org/pid/01/1282'>https://dblp.org/pid/01/1282</a></h3><h3>Affiliation: University of Michigan</h3>,https://dblp.org/pid/01/1282,-0.1259,-0.6195,3,145,5216
207/1837,Swamit Tannu,"<h2><b>Swamit Tannu</b></h2><h3>dblp_id: 207/1837</h3><h3>DBLP URL: <a href='https://dblp.org/pid/207/1837'>https://dblp.org/pid/207/1837</a></h3><h3>Affiliation: WisconsinGeorgia Tech, University of Wisconsin-Madison, Wisconsin</h3>",https://dblp.org/pid/207/1837,0.5614,0.5907,1,61,1355
k/StefanosKaxiras,Stefanos Kaxiras,"<h2><b>Stefanos Kaxiras</b></h2><h3>dblp_id: k/StefanosKaxiras</h3><h3>DBLP URL: <a href='https://dblp.org/pid/k/StefanosKaxiras'>https://dblp.org/pid/k/StefanosKaxiras</a></h3><h3>Affiliation: Uppsala, Uppsala University</h3>",https://dblp.org/pid/k/StefanosKaxiras,-1.0583,-0.5406,4,39,1841
m/SAMahlke,Scott Mahlke,<h2><b>Scott Mahlke</b></h2><h3>dblp_id: m/SAMahlke</h3><h3>DBLP URL: <a href='https://dblp.org/pid/m/SAMahlke'>https://dblp.org/pid/m/SAMahlke</a></h3><h3>Affiliation: University of Michigan</h3>,https://dblp.org/pid/m/SAMahlke,0.048,-0.8051,3,138,5245
27/3820,Satish Narayanasamy,"<h2><b>Satish Narayanasamy</b></h2><h3>dblp_id: 27/3820</h3><h3>DBLP URL: <a href='https://dblp.org/pid/27/3820'>https://dblp.org/pid/27/3820</a></h3><h3>Affiliation: University of Michigan, Michigan</h3>",https://dblp.org/pid/27/3820,0.1168,-0.9552,3,91,2580
97/4181,Sarita Adve,"<h2><b>Sarita Adve</b></h2><h3>dblp_id: 97/4181</h3><h3>DBLP URL: <a href='https://dblp.org/pid/97/4181'>https://dblp.org/pid/97/4181</a></h3><h3>Affiliation: UIUC, University of Illinois Urbana-Champaign</h3>",https://dblp.org/pid/97/4181,-0.3996,-0.2022,5,153,4751
04/3074,Radu Teodorescu,<h2><b>Radu Teodorescu</b></h2><h3>dblp_id: 04/3074</h3><h3>DBLP URL: <a href='https://dblp.org/pid/04/3074'>https://dblp.org/pid/04/3074</a></h3><h3>Affiliation: Ohio State</h3>,https://dblp.org/pid/04/3074,-0.4182,-0.5539,4,57,901
21/4612,Pradip Bose,"<h2><b>Pradip Bose</b></h2><h3>dblp_id: 21/4612</h3><h3>DBLP URL: <a href='https://dblp.org/pid/21/4612'>https://dblp.org/pid/21/4612</a></h3><h3>Affiliation: IBM Research, IBM Corporation</h3>",https://dblp.org/pid/21/4612,-0.5952,-0.087,5,142,5805
18/4038,Paul V. Gratz,<h2><b>Paul V. Gratz</b></h2><h3>dblp_id: 18/4038</h3><h3>DBLP URL: <a href='https://dblp.org/pid/18/4038'>https://dblp.org/pid/18/4038</a></h3><h3>Affiliation: Texas A&M</h3>,https://dblp.org/pid/18/4038,0.0216,0.5329,2,97,2715
15/3991,Nima Honarmand,<h2><b>Nima Honarmand</b></h2><h3>dblp_id: 15/3991</h3><h3>DBLP URL: <a href='https://dblp.org/pid/15/3991'>https://dblp.org/pid/15/3991</a></h3><h3>Affiliation: SUNY StonyBrook</h3>,https://dblp.org/pid/15/3991,-0.4122,-0.4685,4,54,812
18/1402,Nam Sung Kim,<h2><b>Nam Sung Kim</b></h2><h3>dblp_id: 18/1402</h3><h3>DBLP URL: <a href='https://dblp.org/pid/18/1402'>https://dblp.org/pid/18/1402</a></h3><h3>Affiliation: UIUC</h3>,https://dblp.org/pid/18/1402,-0.2684,-0.5349,3,147,5980
60/6934,Moinuddin Qureshi,"<h2><b>Moinuddin Qureshi</b></h2><h3>dblp_id: 60/6934</h3><h3>DBLP URL: <a href='https://dblp.org/pid/60/6934'>https://dblp.org/pid/60/6934</a></h3><h3>Affiliation: Georgia Tech, GATech</h3>",https://dblp.org/pid/60/6934,0.6404,0.2097,1,143,5400
77/4185,Milos Prvulovic,"<h2><b>Milos Prvulovic</b></h2><h3>dblp_id: 77/4185</h3><h3>DBLP URL: <a href='https://dblp.org/pid/77/4185'>https://dblp.org/pid/77/4185</a></h3><h3>Affiliation: Georgia Institute of Technology, GATech</h3>",https://dblp.org/pid/77/4185,0.3058,0.5824,4,66,1429
t/JosepTorrellas,Josep Torrellas,"<h2><b>Josep Torrellas</b></h2><h3>dblp_id: t/JosepTorrellas</h3><h3>DBLP URL: <a href='https://dblp.org/pid/t/JosepTorrellas'>https://dblp.org/pid/t/JosepTorrellas</a></h3><h3>Affiliation: University of Illinois Urbana-Champaign, UIUC</h3>",https://dblp.org/pid/t/JosepTorrellas,-0.1206,0.0193,4,133,3707
85/6323,James Tuck,"<h2><b>James Tuck</b></h2><h3>dblp_id: 85/6323</h3><h3>DBLP URL: <a href='https://dblp.org/pid/85/6323'>https://dblp.org/pid/85/6323</a></h3><h3>Affiliation: NCSU, NC State University</h3>",https://dblp.org/pid/85/6323,0.3793,0.628,4,80,2006
76/7892,Ismail Akturk,<h2><b>Ismail Akturk</b></h2><h3>dblp_id: 76/7892</h3><h3>DBLP URL: <a href='https://dblp.org/pid/76/7892'>https://dblp.org/pid/76/7892</a></h3><h3>Affiliation: Ozyegin University</h3>,https://dblp.org/pid/76/7892,-0.8237,-0.6669,4,38,1065
78/3196,Gilles Pokam,<h2><b>Gilles Pokam</b></h2><h3>dblp_id: 78/3196</h3><h3>DBLP URL: <a href='https://dblp.org/pid/78/3196'>https://dblp.org/pid/78/3196</a></h3><h3>Affiliation: Intel</h3>,https://dblp.org/pid/78/3196,0.2975,-0.63,3,103,2227
k/DavidRKaeli,David Kaeli,"<h2><b>David Kaeli</b></h2><h3>dblp_id: k/DavidRKaeli</h3><h3>DBLP URL: <a href='https://dblp.org/pid/k/DavidRKaeli'>https://dblp.org/pid/k/DavidRKaeli</a></h3><h3>Affiliation: Northeastern University, Northeastern</h3>",https://dblp.org/pid/k/DavidRKaeli,-0.2872,-0.3132,4,136,2928
25/8166,Christopher Fletcher,<h2><b>Christopher Fletcher</b></h2><h3>dblp_id: 25/8166</h3><h3>DBLP URL: <a href='https://dblp.org/pid/25/8166'>https://dblp.org/pid/25/8166</a></h3><h3>Affiliation: UIUC</h3>,https://dblp.org/pid/25/8166,-0.2735,0.3211,2,119,4150
d/ChitaRDas,Chita Das,"<h2><b>Chita Das</b></h2><h3>dblp_id: d/ChitaRDas</h3><h3>DBLP URL: <a href='https://dblp.org/pid/d/ChitaRDas'>https://dblp.org/pid/d/ChitaRDas</a></h3><h3>Affiliation: Penn State, Penn State University</h3>",https://dblp.org/pid/d/ChitaRDas,0.7527,-0.4102,1,155,9737
82/3556,Alberto Ros,"<h2><b>Alberto Ros</b></h2><h3>dblp_id: 82/3556</h3><h3>DBLP URL: <a href='https://dblp.org/pid/82/3556'>https://dblp.org/pid/82/3556</a></h3><h3>Affiliation: University of Murcia, Murcia</h3>",https://dblp.org/pid/82/3556,-0.9752,-0.5767,4,23,1414
25/4161,Adrian Sampson,<h2><b>Adrian Sampson</b></h2><h3>dblp_id: 25/4161</h3><h3>DBLP URL: <a href='https://dblp.org/pid/25/4161'>https://dblp.org/pid/25/4161</a></h3><h3>Affiliation: Cornell</h3>,https://dblp.org/pid/25/4161,0.1331,0.4751,2,63,982
78/4478,Abhishek Bhattacharjee,<h2><b>Abhishek Bhattacharjee</b></h2><h3>dblp_id: 78/4478</h3><h3>DBLP URL: <a href='https://dblp.org/pid/78/4478'>https://dblp.org/pid/78/4478</a></h3><h3>Affiliation: Yale</h3>,https://dblp.org/pid/78/4478,0.222,0.8266,2,120,2875
x/YuanXie,Yuan Xie,<h2><b>Yuan Xie</b></h2><h3>dblp_id: x/YuanXie</h3><h3>DBLP URL: <a href='https://dblp.org/pid/x/YuanXie'>https://dblp.org/pid/x/YuanXie</a></h3><h3>Affiliation: UCSB</h3>,https://dblp.org/pid/x/YuanXie,0.9075,-0.6864,1,183,8000
37/10441,Trevor E. Carlson,<h2><b>Trevor E. Carlson</b></h2><h3>dblp_id: 37/10441</h3><h3>DBLP URL: <a href='https://dblp.org/pid/37/10441'>https://dblp.org/pid/37/10441</a></h3><h3>Affiliation: National University of Singapor</h3>,https://dblp.org/pid/37/10441,-0.9718,-0.4361,4,69,6448
62/1131,Timothy Jones,<h2><b>Timothy Jones</b></h2><h3>dblp_id: 62/1131</h3><h3>DBLP URL: <a href='https://dblp.org/pid/62/1131'>https://dblp.org/pid/62/1131</a></h3><h3>Affiliation: Cambridge</h3>,https://dblp.org/pid/62/1131,-0.9138,0.5498,5,103,2158
01/9032,Sylvain Collange,<h2><b>Sylvain Collange</b></h2><h3>dblp_id: 01/9032</h3><h3>DBLP URL: <a href='https://dblp.org/pid/01/9032'>https://dblp.org/pid/01/9032</a></h3><h3>Affiliation: INRIA</h3>,https://dblp.org/pid/01/9032,1.1055,-0.1635,1,139,14872
27/9796,Matt Sinclair,<h2><b>Matt Sinclair</b></h2><h3>dblp_id: 27/9796</h3><h3>DBLP URL: <a href='https://dblp.org/pid/27/9796'>https://dblp.org/pid/27/9796</a></h3><h3>Affiliation: Wisconsin & AMD Research</h3>,https://dblp.org/pid/27/9796,-0.4595,0.6405,2,112,1329
33/3960,James Hoe,"<h2><b>James Hoe</b></h2><h3>dblp_id: 33/3960</h3><h3>DBLP URL: <a href='https://dblp.org/pid/33/3960'>https://dblp.org/pid/33/3960</a></h3><h3>Affiliation: CMU, Carnegie Mellon University</h3>",https://dblp.org/pid/33/3960,0.5166,0.0878,3,150,2358
168/5992,Hsien-Hsin Lee,<h2><b>Hsien-Hsin Lee</b></h2><h3>dblp_id: 168/5992</h3><h3>DBLP URL: <a href='https://dblp.org/pid/168/5992'>https://dblp.org/pid/168/5992</a></h3><h3>Affiliation: Facebook</h3>,https://dblp.org/pid/168/5992,-0.8151,0.4257,5,160,5145
138/4146,Aasheesh Kolli,<h2><b>Aasheesh Kolli</b></h2><h3>dblp_id: 138/4146</h3><h3>DBLP URL: <a href='https://dblp.org/pid/138/4146'>https://dblp.org/pid/138/4146</a></h3><h3>Affiliation: Penn State</h3>,https://dblp.org/pid/138/4146,0.8993,-0.0734,1,108,3086
99/6904,Aamer Jaleel,<h2><b>Aamer Jaleel</b></h2><h3>dblp_id: 99/6904</h3><h3>DBLP URL: <a href='https://dblp.org/pid/99/6904'>https://dblp.org/pid/99/6904</a></h3><h3>Affiliation: NVIDIA</h3>,https://dblp.org/pid/99/6904,-0.2022,0.4585,2,165,5461
87/5027,srilatha Manne,<h2><b>srilatha Manne</b></h2><h3>dblp_id: 87/5027</h3><h3>DBLP URL: <a href='https://dblp.org/pid/87/5027'>https://dblp.org/pid/87/5027</a></h3><h3>Affiliation: AMD</h3>,https://dblp.org/pid/87/5027,0.4837,0.3852,1,146,3837
117/3197,Yasuko Eckert,<h2><b>Yasuko Eckert</b></h2><h3>dblp_id: 117/3197</h3><h3>DBLP URL: <a href='https://dblp.org/pid/117/3197'>https://dblp.org/pid/117/3197</a></h3><h3>Affiliation: AMD Research</h3>,https://dblp.org/pid/117/3197,0.8447,0.6749,1,134,4510
38/1130,Yanos Sazeides,"<h2><b>Yanos Sazeides</b></h2><h3>dblp_id: 38/1130</h3><h3>DBLP URL: <a href='https://dblp.org/pid/38/1130'>https://dblp.org/pid/38/1130</a></h3><h3>Affiliation: University of Cyprus / Intel, Cyprus</h3>",https://dblp.org/pid/38/1130,0.9109,0.2362,1,92,2206
p/YaleNPatt,Yale Patt,<h2><b>Yale Patt</b></h2><h3>dblp_id: p/YaleNPatt</h3><h3>DBLP URL: <a href='https://dblp.org/pid/p/YaleNPatt'>https://dblp.org/pid/p/YaleNPatt</a></h3><h3>Affiliation: University of Texas at Austin</h3>,https://dblp.org/pid/p/YaleNPatt,0.9922,0.3693,1,104,7607
66/10956,Xulong Tang,<h2><b>Xulong Tang</b></h2><h3>dblp_id: 66/10956</h3><h3>DBLP URL: <a href='https://dblp.org/pid/66/10956'>https://dblp.org/pid/66/10956</a></h3><h3>Affiliation: University of Pittsburgh</h3>,https://dblp.org/pid/66/10956,1.0933,-0.3779,1,96,2980
36/4172,Xipeng Shen,<h2><b>Xipeng Shen</b></h2><h3>dblp_id: 36/4172</h3><h3>DBLP URL: <a href='https://dblp.org/pid/36/4172'>https://dblp.org/pid/36/4172</a></h3><h3>Affiliation: North Carolina State</h3>,https://dblp.org/pid/36/4172,0.8831,0.4888,1,98,3111
88/2610,Vijay Janapa Reddi,"<h2><b>Vijay Janapa Reddi</b></h2><h3>dblp_id: 88/2610</h3><h3>DBLP URL: <a href='https://dblp.org/pid/88/2610'>https://dblp.org/pid/88/2610</a></h3><h3>Affiliation: Harvard University, Harvard</h3>",https://dblp.org/pid/88/2610,-0.5774,0.237,5,156,7199
50/2421,Tushar Krishna,"<h2><b>Tushar Krishna</b></h2><h3>dblp_id: 50/2421</h3><h3>DBLP URL: <a href='https://dblp.org/pid/50/2421'>https://dblp.org/pid/50/2421</a></h3><h3>Affiliation: Georgia Tech, GATech</h3>",https://dblp.org/pid/50/2421,0.0531,0.7758,2,151,6122
m/TrevorNMudge,Trevor Mudge,<h2><b>Trevor Mudge</b></h2><h3>dblp_id: m/TrevorNMudge</h3><h3>DBLP URL: <a href='https://dblp.org/pid/m/TrevorNMudge'>https://dblp.org/pid/m/TrevorNMudge</a></h3><h3>Affiliation: University of Michigan</h3>,https://dblp.org/pid/m/TrevorNMudge,-0.1163,-0.8122,3,130,8468
23/3778,Timothy Sherwood,"<h2><b>Timothy Sherwood</b></h2><h3>dblp_id: 23/3778</h3><h3>DBLP URL: <a href='https://dblp.org/pid/23/3778'>https://dblp.org/pid/23/3778</a></h3><h3>Affiliation: UCSB, UC Santa Barbara</h3>",https://dblp.org/pid/23/3778,0.0725,-0.4945,3,106,1852
n/ThuDNguyen,Thu D. Nguyen,<h2><b>Thu D. Nguyen</b></h2><h3>dblp_id: n/ThuDNguyen</h3><h3>DBLP URL: <a href='https://dblp.org/pid/n/ThuDNguyen'>https://dblp.org/pid/n/ThuDNguyen</a></h3><h3>Affiliation: Rutgers</h3>,https://dblp.org/pid/n/ThuDNguyen,0.3205,0.8255,2,20,845
129/7647,Suvinay Subramanian,<h2><b>Suvinay Subramanian</b></h2><h3>dblp_id: 129/7647</h3><h3>DBLP URL: <a href='https://dblp.org/pid/129/7647'>https://dblp.org/pid/129/7647</a></h3><h3>Affiliation: Google</h3>,https://dblp.org/pid/129/7647,0.0351,0.933,2,54,1257
67/1051,Sudhanva Gurumurthi,"<h2><b>Sudhanva Gurumurthi</b></h2><h3>dblp_id: 67/1051</h3><h3>DBLP URL: <a href='https://dblp.org/pid/67/1051'>https://dblp.org/pid/67/1051</a></h3><h3>Affiliation: Univ of Virginia/AMD, AMDVirginia</h3>",https://dblp.org/pid/67/1051,0.4754,-0.4079,1,123,3060
82/9936,Sudarsun Kannan,<h2><b>Sudarsun Kannan</b></h2><h3>dblp_id: 82/9936</h3><h3>DBLP URL: <a href='https://dblp.org/pid/82/9936'>https://dblp.org/pid/82/9936</a></h3><h3>Affiliation: Rutgers</h3>,https://dblp.org/pid/82/9936,0.4326,0.841,2,44,496
99/4678,Stijn Eyerman,<h2><b>Stijn Eyerman</b></h2><h3>dblp_id: 99/4678</h3><h3>DBLP URL: <a href='https://dblp.org/pid/99/4678'>https://dblp.org/pid/99/4678</a></h3><h3>Affiliation: Intel</h3>,https://dblp.org/pid/99/4678,-0.8996,-0.3168,4,66,2299
k/StephenWKeckler,Steve Keckler,"<h2><b>Steve Keckler</b></h2><h3>dblp_id: k/StephenWKeckler</h3><h3>DBLP URL: <a href='https://dblp.org/pid/k/StephenWKeckler'>https://dblp.org/pid/k/StephenWKeckler</a></h3><h3>Affiliation: NVIDIA, NVidia</h3>",https://dblp.org/pid/k/StephenWKeckler,0.1414,0.2375,2,183,8133
36/1380,Sreenivas Subramoney,"<h2><b>Sreenivas Subramoney</b></h2><h3>dblp_id: 36/1380</h3><h3>DBLP URL: <a href='https://dblp.org/pid/36/1380'>https://dblp.org/pid/36/1380</a></h3><h3>Affiliation: Intel, Intel Labs</h3>",https://dblp.org/pid/36/1380,0.8241,-0.1794,1,133,5268
127/9035,Shruti Padmanabha,<h2><b>Shruti Padmanabha</b></h2><h3>dblp_id: 127/9035</h3><h3>DBLP URL: <a href='https://dblp.org/pid/127/9035'>https://dblp.org/pid/127/9035</a></h3><h3>Affiliation: Facebook</h3>,https://dblp.org/pid/127/9035,-0.033,-0.9842,3,48,1442
35/5292,Shih-Lien Lu,<h2><b>Shih-Lien Lu</b></h2><h3>dblp_id: 35/5292</h3><h3>DBLP URL: <a href='https://dblp.org/pid/35/5292'>https://dblp.org/pid/35/5292</a></h3><h3>Affiliation: Warner Pacific University</h3>,https://dblp.org/pid/35/5292,0.1355,-0.0531,3,99,1557
94/7357,Saugata Ghose,<h2><b>Saugata Ghose</b></h2><h3>dblp_id: 94/7357</h3><h3>DBLP URL: <a href='https://dblp.org/pid/94/7357'>https://dblp.org/pid/94/7357</a></h3><h3>Affiliation: UIUC</h3>,https://dblp.org/pid/94/7357,1.002,0.0857,1,132,14046
18/9796,Salil Wadhavkar,<h2><b>Salil Wadhavkar</b></h2><h3>dblp_id: 18/9796</h3><h3>DBLP URL: <a href='https://dblp.org/pid/18/9796'>https://dblp.org/pid/18/9796</a></h3><h3>Affiliation: NVIDIA</h3>,https://dblp.org/pid/18/9796,0.4274,0.897,4,20,178
83/1613,Ronald Dreslinski,"<h2><b>Ronald Dreslinski</b></h2><h3>dblp_id: 83/1613</h3><h3>DBLP URL: <a href='https://dblp.org/pid/83/1613'>https://dblp.org/pid/83/1613</a></h3><h3>Affiliation: University of Michigan, Michigan</h3>",https://dblp.org/pid/83/1613,-0.3026,-0.7613,3,126,6909
85/2722,Ricardo Bianchini,<h2><b>Ricardo Bianchini</b></h2><h3>dblp_id: 85/2722</h3><h3>DBLP URL: <a href='https://dblp.org/pid/85/2722'>https://dblp.org/pid/85/2722</a></h3><h3>Affiliation: Microsoft</h3>,https://dblp.org/pid/85/2722,0.1209,0.0368,3,69,1300
41/1231,Reetuparna Das,"<h2><b>Reetuparna Das</b></h2><h3>dblp_id: 41/1231</h3><h3>DBLP URL: <a href='https://dblp.org/pid/41/1231'>https://dblp.org/pid/41/1231</a></h3><h3>Affiliation: Michigan, University of Michigan</h3>",https://dblp.org/pid/41/1231,0.3908,-0.825,3,125,7007
i/RaviRIyer,Ravishankar Iyer,<h2><b>Ravishankar Iyer</b></h2><h3>dblp_id: i/RaviRIyer</h3><h3>DBLP URL: <a href='https://dblp.org/pid/i/RaviRIyer'>https://dblp.org/pid/i/RaviRIyer</a></h3><h3>Affiliation: Intel Labs</h3>,https://dblp.org/pid/i/RaviRIyer,0.9543,-0.5253,1,140,7322
199/7171,Ramyad Hadidi,<h2><b>Ramyad Hadidi</b></h2><h3>dblp_id: 199/7171</h3><h3>DBLP URL: <a href='https://dblp.org/pid/199/7171'>https://dblp.org/pid/199/7171</a></h3><h3>Affiliation: SK hynix</h3>,https://dblp.org/pid/199/7171,0.6119,0.8016,1,72,2892
20/6518,Rajeev Balasubramonian,"<h2><b>Rajeev Balasubramonian</b></h2><h3>dblp_id: 20/6518</h3><h3>DBLP URL: <a href='https://dblp.org/pid/20/6518'>https://dblp.org/pid/20/6518</a></h3><h3>Affiliation: Utah, University of Utah</h3>",https://dblp.org/pid/20/6518,-0.3313,-0.0143,5,141,3099
72/4861,Phillip Stanley-Marbell,<h2><b>Phillip Stanley-Marbell</b></h2><h3>dblp_id: 72/4861</h3><h3>DBLP URL: <a href='https://dblp.org/pid/72/4861'>https://dblp.org/pid/72/4861</a></h3><h3>Affiliation: University of Cambridge</h3>,https://dblp.org/pid/72/4861,-0.3619,0.6821,2,27,420
87/9432,Paul Whatmough,"<h2><b>Paul Whatmough</b></h2><h3>dblp_id: 87/9432</h3><h3>DBLP URL: <a href='https://dblp.org/pid/87/9432'>https://dblp.org/pid/87/9432</a></h3><h3>Affiliation: Harvard University, Arm Inc</h3>",https://dblp.org/pid/87/9432,-0.7045,0.5244,5,79,3156
12/6848,Parthasarathy Ranganathan,<h2><b>Parthasarathy Ranganathan</b></h2><h3>dblp_id: 12/6848</h3><h3>DBLP URL: <a href='https://dblp.org/pid/12/6848'>https://dblp.org/pid/12/6848</a></h3><h3>Affiliation: Google</h3>,https://dblp.org/pid/12/6848,0.0856,-0.3386,3,167,6607
m/OnurMutlu,Onur Mutlu,"<h2><b>Onur Mutlu</b></h2><h3>dblp_id: m/OnurMutlu</h3><h3>DBLP URL: <a href='https://dblp.org/pid/m/OnurMutlu'>https://dblp.org/pid/m/OnurMutlu</a></h3><h3>Affiliation: ETH Zurich, ETH Zürich, ETH-Zurich</h3>",https://dblp.org/pid/m/OnurMutlu,0.6703,-0.0651,1,186,15297
h/NikolaosHardavellas,Nikos Hardavellas,<h2><b>Nikos Hardavellas</b></h2><h3>dblp_id: h/NikolaosHardavellas</h3><h3>DBLP URL: <a href='https://dblp.org/pid/h/NikolaosHardavellas'>https://dblp.org/pid/h/NikolaosHardavellas</a></h3><h3>Affiliation: Northwestern</h3>,https://dblp.org/pid/h/NikolaosHardavellas,-0.2731,-0.1671,3,74,1468
20/9131,Neha Agarwal,<h2><b>Neha Agarwal</b></h2><h3>dblp_id: 20/9131</h3><h3>DBLP URL: <a href='https://dblp.org/pid/20/9131'>https://dblp.org/pid/20/9131</a></h3><h3>Affiliation: Google</h3>,https://dblp.org/pid/20/9131,0.0704,-0.1926,3,74,1163
00/5672,Neal Crago,<h2><b>Neal Crago</b></h2><h3>dblp_id: 00/5672</h3><h3>DBLP URL: <a href='https://dblp.org/pid/00/5672'>https://dblp.org/pid/00/5672</a></h3><h3>Affiliation: NVidia</h3>,https://dblp.org/pid/00/5672,-0.2574,0.6116,2,101,2741
61/5482,Natalie Enright Jerger,"<h2><b>Natalie Enright Jerger</b></h2><h3>dblp_id: 61/5482</h3><h3>DBLP URL: <a href='https://dblp.org/pid/61/5482'>https://dblp.org/pid/61/5482</a></h3><h3>Affiliation: U Toronto, Toronto</h3>",https://dblp.org/pid/61/5482,0.1189,0.62,2,128,3496
86/2654,Nael Abu-Ghazaleh,"<h2><b>Nael Abu-Ghazaleh</b></h2><h3>dblp_id: 86/2654</h3><h3>DBLP URL: <a href='https://dblp.org/pid/86/2654'>https://dblp.org/pid/86/2654</a></h3><h3>Affiliation: UC Riverside, University of California, Riverside</h3>",https://dblp.org/pid/86/2654,-0.0109,0.0867,2,71,887
68/1138,Mithuna Thottethodi,<h2><b>Mithuna Thottethodi</b></h2><h3>dblp_id: 68/1138</h3><h3>DBLP URL: <a href='https://dblp.org/pid/68/1138'>https://dblp.org/pid/68/1138</a></h3><h3>Affiliation: Purdue</h3>,https://dblp.org/pid/68/1138,1.0329,0.5493,1,95,2409
46/4377,Mike Ferdman,<h2><b>Mike Ferdman</b></h2><h3>dblp_id: 46/4377</h3><h3>DBLP URL: <a href='https://dblp.org/pid/46/4377'>https://dblp.org/pid/46/4377</a></h3><h3>Affiliation: Stony Brook</h3>,https://dblp.org/pid/46/4377,-0.0603,0.4241,2,80,1353
73/7116,Michel Kinsy,"<h2><b>Michel Kinsy</b></h2><h3>dblp_id: 73/7116</h3><h3>DBLP URL: <a href='https://dblp.org/pid/73/7116'>https://dblp.org/pid/73/7116</a></h3><h3>Affiliation: Arizona State University, TAMU</h3>",https://dblp.org/pid/73/7116,-0.2316,0.8631,2,62,1615
22/3969,Michael Pellauer,<h2><b>Michael Pellauer</b></h2><h3>dblp_id: 22/3969</h3><h3>DBLP URL: <a href='https://dblp.org/pid/22/3969'>https://dblp.org/pid/22/3969</a></h3><h3>Affiliation: NVIDIA</h3>,https://dblp.org/pid/22/3969,-0.1676,0.7514,2,115,4760
95/2048,Mattan Erez,<h2><b>Mattan Erez</b></h2><h3>dblp_id: 95/2048</h3><h3>DBLP URL: <a href='https://dblp.org/pid/95/2048'>https://dblp.org/pid/95/2048</a></h3><h3>Affiliation: UT Austin</h3>,https://dblp.org/pid/95/2048,0.2495,0.4033,2,152,4289
f/ManojFranklin,Manoj Franklin,<h2><b>Manoj Franklin</b></h2><h3>dblp_id: f/ManojFranklin</h3><h3>DBLP URL: <a href='https://dblp.org/pid/f/ManojFranklin'>https://dblp.org/pid/f/ManojFranklin</a></h3><h3>Affiliation: Maryland</h3>,https://dblp.org/pid/f/ManojFranklin,-0.7233,-0.5913,4,45,465
35/1464,Lingjia Tang,<h2><b>Lingjia Tang</b></h2><h3>dblp_id: 35/1464</h3><h3>DBLP URL: <a href='https://dblp.org/pid/35/1464'>https://dblp.org/pid/35/1464</a></h3><h3>Affiliation: Michigan</h3>,https://dblp.org/pid/35/1464,-0.1776,-0.9558,3,95,2471
e/LievenEeckhout,Lieven Eeckhout,"<h2><b>Lieven Eeckhout</b></h2><h3>dblp_id: e/LievenEeckhout</h3><h3>DBLP URL: <a href='https://dblp.org/pid/e/LievenEeckhout'>https://dblp.org/pid/e/LievenEeckhout</a></h3><h3>Affiliation: Ghent University, Ghent</h3>",https://dblp.org/pid/e/LievenEeckhout,-0.7479,-0.4191,4,124,3600
86/2160,Li-Shiuan Peh,<h2><b>Li-Shiuan Peh</b></h2><h3>dblp_id: 86/2160</h3><h3>DBLP URL: <a href='https://dblp.org/pid/86/2160'>https://dblp.org/pid/86/2160</a></h3><h3>Affiliation: National University of Singapore</h3>,https://dblp.org/pid/86/2160,-0.3906,0.7946,2,117,3295
173/9798,Lena E. Olson,<h2><b>Lena E. Olson</b></h2><h3>dblp_id: 173/9798</h3><h3>DBLP URL: <a href='https://dblp.org/pid/173/9798'>https://dblp.org/pid/173/9798</a></h3><h3>Affiliation: Google</h3>,https://dblp.org/pid/173/9798,-0.1653,1.0039,2,54,705
10/10980,Lavanya Subramanian,<h2><b>Lavanya Subramanian</b></h2><h3>dblp_id: 10/10980</h3><h3>DBLP URL: <a href='https://dblp.org/pid/10/10980'>https://dblp.org/pid/10/10980</a></h3><h3>Affiliation: Facebook</h3>,https://dblp.org/pid/10/10980,1.1087,0.2487,1,118,5001
j/LizyKurianJohn,LIZY JOHN,<h2><b>LIZY JOHN</b></h2><h3>dblp_id: j/LizyKurianJohn</h3><h3>DBLP URL: <a href='https://dblp.org/pid/j/LizyKurianJohn'>https://dblp.org/pid/j/LizyKurianJohn</a></h3><h3>Affiliation: The University of Texas at Austin</h3>,https://dblp.org/pid/j/LizyKurianJohn,0.2768,-0.3741,4,126,3780
77/1117,Kim Hazelwood,<h2><b>Kim Hazelwood</b></h2><h3>dblp_id: 77/1117</h3><h3>DBLP URL: <a href='https://dblp.org/pid/77/1117'>https://dblp.org/pid/77/1117</a></h3><h3>Affiliation: Facebook</h3>,https://dblp.org/pid/77/1117,-0.8695,0.0977,5,131,3493
22/858,Karu Sankaralingam,"<h2><b>Karu Sankaralingam</b></h2><h3>dblp_id: 22/858</h3><h3>DBLP URL: <a href='https://dblp.org/pid/22/858'>https://dblp.org/pid/22/858</a></h3><h3>Affiliation: Wisconsin, UW-Madison, NVIDIA</h3>",https://dblp.org/pid/22/858,-0.0047,0.1941,2,95,2499
157/2774,Joshua San Miguel,"<h2><b>Joshua San Miguel</b></h2><h3>dblp_id: 157/2774</h3><h3>DBLP URL: <a href='https://dblp.org/pid/157/2774'>https://dblp.org/pid/157/2774</a></h3><h3>Affiliation: University of Wisconsin-Madison, Wisconsin</h3>",https://dblp.org/pid/157/2774,-0.2901,0.7307,2,95,2169
79/2191,John Kim,"<h2><b>John Kim</b></h2><h3>dblp_id: 79/2191</h3><h3>DBLP URL: <a href='https://dblp.org/pid/79/2191'>https://dblp.org/pid/79/2191</a></h3><h3>Affiliation: Kaist, KAIST</h3>",https://dblp.org/pid/79/2191,-0.23,0.0927,2,132,3506
11/2192,John (Jack) Sampson,<h2><b>John (Jack) Sampson</b></h2><h3>dblp_id: 11/2192</h3><h3>DBLP URL: <a href='https://dblp.org/pid/11/2192'>https://dblp.org/pid/11/2192</a></h3><h3>Affiliation: Penn State</h3>,https://dblp.org/pid/11/2192,0.6829,-0.8566,1,102,4647
66/8314,Jishen Zhao,<h2><b>Jishen Zhao</b></h2><h3>dblp_id: 66/8314</h3><h3>DBLP URL: <a href='https://dblp.org/pid/66/8314'>https://dblp.org/pid/66/8314</a></h3><h3>Affiliation: UCSD</h3>,https://dblp.org/pid/66/8314,0.6369,-0.2696,1,146,3799
17/9796,Jayneel Gandhi,"<h2><b>Jayneel Gandhi</b></h2><h3>dblp_id: 17/9796</h3><h3>DBLP URL: <a href='https://dblp.org/pid/17/9796'>https://dblp.org/pid/17/9796</a></h3><h3>Affiliation: VMware, Meta</h3>",https://dblp.org/pid/17/9796,1.1567,0.4273,1,98,3083
138/4166,Jason Lowe-Power,<h2><b>Jason Lowe-Power</b></h2><h3>dblp_id: 138/4166</h3><h3>DBLP URL: <a href='https://dblp.org/pid/138/4166'>https://dblp.org/pid/138/4166</a></h3><h3>Affiliation: UC Davis</h3>,https://dblp.org/pid/138/4166,-0.0526,1.008,2,60,794
04/2187,Jangwoo Kim,"<h2><b>Jangwoo Kim</b></h2><h3>dblp_id: 04/2187</h3><h3>DBLP URL: <a href='https://dblp.org/pid/04/2187'>https://dblp.org/pid/04/2187</a></h3><h3>Affiliation: SNU, Seoul National University, Seoul National University / MangoBoost</h3>",https://dblp.org/pid/04/2187,-0.2009,-0.2411,3,71,1334
25/10955,Jaewoong Sim,<h2><b>Jaewoong Sim</b></h2><h3>dblp_id: 25/10955</h3><h3>DBLP URL: <a href='https://dblp.org/pid/25/10955'>https://dblp.org/pid/25/10955</a></h3><h3>Affiliation: Seoul National University</h3>,https://dblp.org/pid/25/10955,0.7315,0.7772,1,78,1914
46/353,Indrani Paul,<h2><b>Indrani Paul</b></h2><h3>dblp_id: 46/353</h3><h3>DBLP URL: <a href='https://dblp.org/pid/46/353'>https://dblp.org/pid/46/353</a></h3><h3>Affiliation: AMD</h3>,https://dblp.org/pid/46/353,0.366,0.3167,1,114,2174
203/0006,Hyoukjun Kwon,<h2><b>Hyoukjun Kwon</b></h2><h3>dblp_id: 203/0006</h3><h3>DBLP URL: <a href='https://dblp.org/pid/203/0006'>https://dblp.org/pid/203/0006</a></h3><h3>Affiliation: UCI</h3>,https://dblp.org/pid/203/0006,-0.1098,0.9022,2,77,3809
87/5743,Hyesoon Kim,<h2><b>Hyesoon Kim</b></h2><h3>dblp_id: 87/5743</h3><h3>DBLP URL: <a href='https://dblp.org/pid/87/5743'>https://dblp.org/pid/87/5743</a></h3><h3>Affiliation: Georgia Tech</h3>,https://dblp.org/pid/87/5743,0.7217,0.5563,1,136,7082
56/9122,Hyeran Jeon,"<h2><b>Hyeran Jeon</b></h2><h3>dblp_id: 56/9122</h3><h3>DBLP URL: <a href='https://dblp.org/pid/56/9122'>https://dblp.org/pid/56/9122</a></h3><h3>Affiliation: University of California, Merced</h3>",https://dblp.org/pid/56/9122,0.2143,-0.1124,2,72,842
91/3111,Huiyang Zhou,<h2><b>Huiyang Zhou</b></h2><h3>dblp_id: 91/3111</h3><h3>DBLP URL: <a href='https://dblp.org/pid/91/3111'>https://dblp.org/pid/91/3111</a></h3><h3>Affiliation: NC State</h3>,https://dblp.org/pid/91/3111,0.4615,0.6177,4,44,1128
34/5178,Hongil Yoon,<h2><b>Hongil Yoon</b></h2><h3>dblp_id: 34/5178</h3><h3>DBLP URL: <a href='https://dblp.org/pid/34/5178'>https://dblp.org/pid/34/5178</a></h3><h3>Affiliation: Google</h3>,https://dblp.org/pid/34/5178,-0.3382,0.9174,2,78,1040
h/HenryHoffmann,Henry Hoffmann,<h2><b>Henry Hoffmann</b></h2><h3>dblp_id: h/HenryHoffmann</h3><h3>DBLP URL: <a href='https://dblp.org/pid/h/HenryHoffmann'>https://dblp.org/pid/h/HenryHoffmann</a></h3><h3>Affiliation: University of Chicago</h3>,https://dblp.org/pid/h/HenryHoffmann,-0.2198,-0.0521,3,60,891
21/7641,Guilherme Cox,<h2><b>Guilherme Cox</b></h2><h3>dblp_id: 21/7641</h3><h3>DBLP URL: <a href='https://dblp.org/pid/21/7641'>https://dblp.org/pid/21/7641</a></h3><h3>Affiliation: NVIDIA</h3>,https://dblp.org/pid/21/7641,0.319,0.914,2,80,1350
10/2386,Gokhan Memik,<h2><b>Gokhan Memik</b></h2><h3>dblp_id: 10/2386</h3><h3>DBLP URL: <a href='https://dblp.org/pid/10/2386'>https://dblp.org/pid/10/2386</a></h3><h3>Affiliation: Northwestern</h3>,https://dblp.org/pid/10/2386,-0.1815,-0.1621,4,91,1342
03/2782,Gabriel Loh,<h2><b>Gabriel Loh</b></h2><h3>dblp_id: 03/2782</h3><h3>DBLP URL: <a href='https://dblp.org/pid/03/2782'>https://dblp.org/pid/03/2782</a></h3><h3>Affiliation: AMD Research</h3>,https://dblp.org/pid/03/2782,0.657,0.373,1,166,7615
184/8246,Esha Choukse,<h2><b>Esha Choukse</b></h2><h3>dblp_id: 184/8246</h3><h3>DBLP URL: <a href='https://dblp.org/pid/184/8246'>https://dblp.org/pid/184/8246</a></h3><h3>Affiliation: Microsoft</h3>,https://dblp.org/pid/184/8246,-0.0154,0.3069,2,63,1002
87/6036,Eric Rotenberg,<h2><b>Eric Rotenberg</b></h2><h3>dblp_id: 87/6036</h3><h3>DBLP URL: <a href='https://dblp.org/pid/87/6036'>https://dblp.org/pid/87/6036</a></h3><h3>Affiliation: North Carolina State University</h3>,https://dblp.org/pid/87/6036,0.4467,0.7525,4,49,600
y/DonaldYeung,Donald Yeung,<h2><b>Donald Yeung</b></h2><h3>dblp_id: y/DonaldYeung</h3><h3>DBLP URL: <a href='https://dblp.org/pid/y/DonaldYeung'>https://dblp.org/pid/y/DonaldYeung</a></h3><h3>Affiliation: UMD</h3>,https://dblp.org/pid/y/DonaldYeung,-0.0821,0.5087,2,42,507
p/DmitryVPonomarev,Dmitry Ponomarev,<h2><b>Dmitry Ponomarev</b></h2><h3>dblp_id: p/DmitryVPonomarev</h3><h3>DBLP URL: <a href='https://dblp.org/pid/p/DmitryVPonomarev'>https://dblp.org/pid/p/DmitryVPonomarev</a></h3><h3>Affiliation: Binghamton University</h3>,https://dblp.org/pid/p/DmitryVPonomarev,0.265,-0.1046,2,33,778
97/11028,Djordje Jevdjic,"<h2><b>Djordje Jevdjic</b></h2><h3>dblp_id: 97/11028</h3><h3>DBLP URL: <a href='https://dblp.org/pid/97/11028'>https://dblp.org/pid/97/11028</a></h3><h3>Affiliation: NU Singapore, NUS</h3>",https://dblp.org/pid/97/11028,0.2143,0.5679,2,73,912
123/2646,Dibakar Gope,<h2><b>Dibakar Gope</b></h2><h3>dblp_id: 123/2646</h3><h3>DBLP URL: <a href='https://dblp.org/pid/123/2646'>https://dblp.org/pid/123/2646</a></h3><h3>Affiliation: ARM</h3>,https://dblp.org/pid/123/2646,-0.6089,0.6755,5,81,1550
76/9083,Devesh Tiwari,"<h2><b>Devesh Tiwari</b></h2><h3>dblp_id: 76/9083</h3><h3>DBLP URL: <a href='https://dblp.org/pid/76/9083'>https://dblp.org/pid/76/9083</a></h3><h3>Affiliation: Northeastern University, Northeastern</h3>",https://dblp.org/pid/76/9083,0.3786,0.7097,4,32,714
t/DeanMTullsen,Dean Tullsen,<h2><b>Dean Tullsen</b></h2><h3>dblp_id: t/DeanMTullsen</h3><h3>DBLP URL: <a href='https://dblp.org/pid/t/DeanMTullsen'>https://dblp.org/pid/t/DeanMTullsen</a></h3><h3>Affiliation: UCSD</h3>,https://dblp.org/pid/t/DeanMTullsen,0.3105,-0.2215,2,136,3115
56/9613,Daniel Lustig,<h2><b>Daniel Lustig</b></h2><h3>dblp_id: 56/9613</h3><h3>DBLP URL: <a href='https://dblp.org/pid/56/9613'>https://dblp.org/pid/56/9613</a></h3><h3>Affiliation: NVIDIA</h3>,https://dblp.org/pid/56/9613,-0.1523,0.5981,2,107,2549
322/1476,Daniel A. Jiménez,<h2><b>Daniel A. Jiménez</b></h2><h3>dblp_id: 322/1476</h3><h3>DBLP URL: <a href='https://dblp.org/pid/322/1476'>https://dblp.org/pid/322/1476</a></h3><h3>Affiliation: Texas A&M</h3>,https://dblp.org/pid/322/1476,0.48,-0.0219,1,130,3471
k/ChristoforosEKozyrakis,Christos Kozyrakis,<h2><b>Christos Kozyrakis</b></h2><h3>dblp_id: k/ChristoforosEKozyrakis</h3><h3>DBLP URL: <a href='https://dblp.org/pid/k/ChristoforosEKozyrakis'>https://dblp.org/pid/k/ChristoforosEKozyrakis</a></h3><h3>Affiliation: Stanford</h3>,https://dblp.org/pid/k/ChristoforosEKozyrakis,0.0393,-0.0877,3,122,3329
69/9942,Christina Delimitrou,<h2><b>Christina Delimitrou</b></h2><h3>dblp_id: 69/9942</h3><h3>DBLP URL: <a href='https://dblp.org/pid/69/9942'>https://dblp.org/pid/69/9942</a></h3><h3>Affiliation: Cornell</h3>,https://dblp.org/pid/69/9942,-0.0033,-0.173,3,40,1019
85/2308,Changhee Jung,<h2><b>Changhee Jung</b></h2><h3>dblp_id: 85/2308</h3><h3>DBLP URL: <a href='https://dblp.org/pid/85/2308'>https://dblp.org/pid/85/2308</a></h3><h3>Affiliation: Purdue University</h3>,https://dblp.org/pid/85/2308,0.4311,0.6902,4,16,274
162/9999,Caroline Trippel,<h2><b>Caroline Trippel</b></h2><h3>dblp_id: 162/9999</h3><h3>DBLP URL: <a href='https://dblp.org/pid/162/9999'>https://dblp.org/pid/162/9999</a></h3><h3>Affiliation: Stanford</h3>,https://dblp.org/pid/162/9999,-0.5685,0.46,5,86,2292
26/9655,Carole-Jean Wu,<h2><b>Carole-Jean Wu</b></h2><h3>dblp_id: 26/9655</h3><h3>DBLP URL: <a href='https://dblp.org/pid/26/9655'>https://dblp.org/pid/26/9655</a></h3><h3>Affiliation: ASUFacebook</h3>,https://dblp.org/pid/26/9655,-0.7835,-0.0197,5,132,5421
94/4067,Bruce Jacob,<h2><b>Bruce Jacob</b></h2><h3>dblp_id: 94/4067</h3><h3>DBLP URL: <a href='https://dblp.org/pid/94/4067'>https://dblp.org/pid/94/4067</a></h3><h3>Affiliation: Maryland</h3>,https://dblp.org/pid/94/4067,-0.4426,-0.6837,3,62,1597
18/6801,Brandon Lucia,<h2><b>Brandon Lucia</b></h2><h3>dblp_id: 18/6801</h3><h3>DBLP URL: <a href='https://dblp.org/pid/18/6801'>https://dblp.org/pid/18/6801</a></h3><h3>Affiliation: CMU</h3>,https://dblp.org/pid/18/6801,0.7917,0.2202,1,101,2471
79/413,Brad Beckmann,<h2><b>Brad Beckmann</b></h2><h3>dblp_id: 79/413</h3><h3>DBLP URL: <a href='https://dblp.org/pid/79/413'>https://dblp.org/pid/79/413</a></h3><h3>Affiliation: AMD</h3>,https://dblp.org/pid/79/413,0.2653,0.7055,2,101,1900
78/50,Boris Grot,"<h2><b>Boris Grot</b></h2><h3>dblp_id: 78/50</h3><h3>DBLP URL: <a href='https://dblp.org/pid/78/50'>https://dblp.org/pid/78/50</a></h3><h3>Affiliation: University of Edinburgh, Edinburgh</h3>",https://dblp.org/pid/78/50,0.4928,0.2159,1,124,3074
31/11029,Baris Kasikci,<h2><b>Baris Kasikci</b></h2><h3>dblp_id: 31/11029</h3><h3>DBLP URL: <a href='https://dblp.org/pid/31/11029'>https://dblp.org/pid/31/11029</a></h3><h3>Affiliation: University of Michigan and Google</h3>,https://dblp.org/pid/31/11029,0.2017,-0.8264,3,89,2542
193/7332,Bahar Asgari,"<h2><b>Bahar Asgari</b></h2><h3>dblp_id: 193/7332</h3><h3>DBLP URL: <a href='https://dblp.org/pid/193/7332'>https://dblp.org/pid/193/7332</a></h3><h3>Affiliation: UMD, University of Maryland, College Park</h3>",https://dblp.org/pid/193/7332,0.5597,0.9036,1,58,2066
11/5956,Angshuman Parashar,<h2><b>Angshuman Parashar</b></h2><h3>dblp_id: 11/5956</h3><h3>DBLP URL: <a href='https://dblp.org/pid/11/5956'>https://dblp.org/pid/11/5956</a></h3><h3>Affiliation: NVIDIA</h3>,https://dblp.org/pid/11/5956,-0.0573,0.6624,2,119,4312
147/0999,Amro Awad,"<h2><b>Amro Awad</b></h2><h3>dblp_id: 147/0999</h3><h3>DBLP URL: <a href='https://dblp.org/pid/147/0999'>https://dblp.org/pid/147/0999</a></h3><h3>Affiliation: University of Central Florida, NCSU</h3>",https://dblp.org/pid/147/0999,0.4967,0.6898,4,61,1166
44/8745,Amir Yazdanbakhsh,"<h2><b>Amir Yazdanbakhsh</b></h2><h3>dblp_id: 44/8745</h3><h3>DBLP URL: <a href='https://dblp.org/pid/44/8745'>https://dblp.org/pid/44/8745</a></h3><h3>Affiliation: Google Research, Brain Team</h3>",https://dblp.org/pid/44/8745,0.2927,0.2087,2,139,4487
18/2863,Alper Buyuktosunoglu,"<h2><b>Alper Buyuktosunoglu</b></h2><h3>dblp_id: 18/2863</h3><h3>DBLP URL: <a href='https://dblp.org/pid/18/2863'>https://dblp.org/pid/18/2863</a></h3><h3>Affiliation: IBM, IBM Research</h3>",https://dblp.org/pid/18/2863,-0.5865,-0.2655,5,112,6296
178/3217,Akshitha Sriraman,<h2><b>Akshitha Sriraman</b></h2><h3>dblp_id: 178/3217</h3><h3>DBLP URL: <a href='https://dblp.org/pid/178/3217'>https://dblp.org/pid/178/3217</a></h3><h3>Affiliation: Carnegie Mellon University / Google</h3>,https://dblp.org/pid/178/3217,0.2719,-0.7257,3,67,1396
64/11467,Adwait Jog,<h2><b>Adwait Jog</b></h2><h3>dblp_id: 64/11467</h3><h3>DBLP URL: <a href='https://dblp.org/pid/64/11467'>https://dblp.org/pid/64/11467</a></h3><h3>Affiliation: William & Mary</h3>,https://dblp.org/pid/64/11467,0.9276,-0.3088,1,125,6113
j/NormanPJouppi,Norm Jouppi,<h2><b>Norm Jouppi</b></h2><h3>dblp_id: j/NormanPJouppi</h3><h3>DBLP URL: <a href='https://dblp.org/pid/j/NormanPJouppi'>https://dblp.org/pid/j/NormanPJouppi</a></h3><h3>Affiliation: Google</h3>,https://dblp.org/pid/j/NormanPJouppi,0.4669,-0.2604,1,160,5068
38/7914,Mark Jeffrey,<h2><b>Mark Jeffrey</b></h2><h3>dblp_id: 38/7914</h3><h3>DBLP URL: <a href='https://dblp.org/pid/38/7914'>https://dblp.org/pid/38/7914</a></h3><h3>Affiliation: University of Toronto</h3>,https://dblp.org/pid/38/7914,-0.7515,0.6498,5,46,455
29/3950,Eric Chung,<h2><b>Eric Chung</b></h2><h3>dblp_id: 29/3950</h3><h3>DBLP URL: <a href='https://dblp.org/pid/29/3950'>https://dblp.org/pid/29/3950</a></h3><h3>Affiliation: Microsoft</h3>,https://dblp.org/pid/29/3950,-0.0163,0.0142,3,70,915
133/9941,Yakun Sophia Shao,"<h2><b>Yakun Sophia Shao</b></h2><h3>dblp_id: 133/9941</h3><h3>DBLP URL: <a href='https://dblp.org/pid/133/9941'>https://dblp.org/pid/133/9941</a></h3><h3>Affiliation: UC Berkeley, Berkeley</h3>",https://dblp.org/pid/133/9941,-0.4234,0.3686,2,101,3651
a/TorMAamodt,Tor Aamodt,"<h2><b>Tor Aamodt</b></h2><h3>dblp_id: a/TorMAamodt</h3><h3>DBLP URL: <a href='https://dblp.org/pid/a/TorMAamodt'>https://dblp.org/pid/a/TorMAamodt</a></h3><h3>Affiliation: UBC, University of British Columbia</h3>",https://dblp.org/pid/a/TorMAamodt,-0.4551,0.1186,2,85,1644
99/4818,Paolo Faraboschi,<h2><b>Paolo Faraboschi</b></h2><h3>dblp_id: 99/4818</h3><h3>DBLP URL: <a href='https://dblp.org/pid/99/4818'>https://dblp.org/pid/99/4818</a></h3><h3>Affiliation: HP</h3>,https://dblp.org/pid/99/4818,0.5787,-0.4027,1,95,1922
198/6426,Mike Marty,<h2><b>Mike Marty</b></h2><h3>dblp_id: 198/6426</h3><h3>DBLP URL: <a href='https://dblp.org/pid/198/6426'>https://dblp.org/pid/198/6426</a></h3><h3>Affiliation: Google</h3>,https://dblp.org/pid/198/6426,0.0301,-0.2397,3,30,219
a/KrsteAsanovic,Krste Asanovic,<h2><b>Krste Asanovic</b></h2><h3>dblp_id: a/KrsteAsanovic</h3><h3>DBLP URL: <a href='https://dblp.org/pid/a/KrsteAsanovic'>https://dblp.org/pid/a/KrsteAsanovic</a></h3><h3>Affiliation: BerkeleySiFive</h3>,https://dblp.org/pid/a/KrsteAsanovic,-0.1022,-0.1101,3,111,2752
a/JungHoAhn,Jung Ho Ahn,"<h2><b>Jung Ho Ahn</b></h2><h3>dblp_id: a/JungHoAhn</h3><h3>DBLP URL: <a href='https://dblp.org/pid/a/JungHoAhn'>https://dblp.org/pid/a/JungHoAhn</a></h3><h3>Affiliation: SNU, Seoul National University</h3>",https://dblp.org/pid/a/JungHoAhn,-0.0739,-0.2479,3,119,4128
115/5952,Jongse Park,<h2><b>Jongse Park</b></h2><h3>dblp_id: 115/5952</h3><h3>DBLP URL: <a href='https://dblp.org/pid/115/5952'>https://dblp.org/pid/115/5952</a></h3><h3>Affiliation: KAIST</h3>,https://dblp.org/pid/115/5952,0.3875,0.1241,2,93,2600
l/JamesRLarus,James Larus,<h2><b>James Larus</b></h2><h3>dblp_id: l/JamesRLarus</h3><h3>DBLP URL: <a href='https://dblp.org/pid/l/JamesRLarus'>https://dblp.org/pid/l/JamesRLarus</a></h3><h3>Affiliation: EPFL</h3>,https://dblp.org/pid/l/JamesRLarus,0.0497,0.0026,3,52,885
89/5432,Heiner Litz,<h2><b>Heiner Litz</b></h2><h3>dblp_id: 89/5432</h3><h3>DBLP URL: <a href='https://dblp.org/pid/89/5432'>https://dblp.org/pid/89/5432</a></h3><h3>Affiliation: UCSC</h3>,https://dblp.org/pid/89/5432,0.2379,-0.5228,3,85,2183
21/5583,Gu-Yeon Wei,<h2><b>Gu-Yeon Wei</b></h2><h3>dblp_id: 21/5583</h3><h3>DBLP URL: <a href='https://dblp.org/pid/21/5583'>https://dblp.org/pid/21/5583</a></h3><h3>Affiliation: Harvard University</h3>,https://dblp.org/pid/21/5583,-0.7537,0.2699,5,137,7303
173/9808,Gokul Subramanian Ravi,<h2><b>Gokul Subramanian Ravi</b></h2><h3>dblp_id: 173/9808</h3><h3>DBLP URL: <a href='https://dblp.org/pid/173/9808'>https://dblp.org/pid/173/9808</a></h3><h3>Affiliation: University of Chicago</h3>,https://dblp.org/pid/173/9808,-0.447,-0.368,5,78,1173
161/0102-1,Divya Mahajan,<h2><b>Divya Mahajan</b></h2><h3>dblp_id: 161/0102-1</h3><h3>DBLP URL: <a href='https://dblp.org/pid/161/0102-1'>https://dblp.org/pid/161/0102-1</a></h3><h3>Affiliation: Microsoft</h3>,https://dblp.org/pid/161/0102-1,0.1695,0.1089,2,24,964
59/2715,Diana Marculescu,<h2><b>Diana Marculescu</b></h2><h3>dblp_id: 59/2715</h3><h3>DBLP URL: <a href='https://dblp.org/pid/59/2715'>https://dblp.org/pid/59/2715</a></h3><h3>Affiliation: UT Austin</h3>,https://dblp.org/pid/59/2715,0.5439,-0.907,5,77,1549
06/5295,Derek Chiou,"<h2><b>Derek Chiou</b></h2><h3>dblp_id: 06/5295</h3><h3>DBLP URL: <a href='https://dblp.org/pid/06/5295'>https://dblp.org/pid/06/5295</a></h3><h3>Affiliation: UT Austin, MicrosoftUT Austin, UT Austin/Microsoft</h3>",https://dblp.org/pid/06/5295,-0.0369,-0.4585,3,125,3186
64/1248,Cliff Young,<h2><b>Cliff Young</b></h2><h3>dblp_id: 64/1248</h3><h3>DBLP URL: <a href='https://dblp.org/pid/64/1248'>https://dblp.org/pid/64/1248</a></h3><h3>Affiliation: Google</h3>,https://dblp.org/pid/64/1248,-0.9349,-0.0469,5,94,2333
65/1026,Calvin Lin,<h2><b>Calvin Lin</b></h2><h3>dblp_id: 65/1026</h3><h3>DBLP URL: <a href='https://dblp.org/pid/65/1026'>https://dblp.org/pid/65/1026</a></h3><h3>Affiliation: Texas</h3>,https://dblp.org/pid/65/1026,0.1413,-0.1469,2,88,1443
85/5822,Andrew Putnam,<h2><b>Andrew Putnam</b></h2><h3>dblp_id: 85/5822</h3><h3>DBLP URL: <a href='https://dblp.org/pid/85/5822'>https://dblp.org/pid/85/5822</a></h3><h3>Affiliation: Microsoft</h3>,https://dblp.org/pid/85/5822,0.0676,0.0963,2,70,1215
08/6044,Andre Seznec,<h2><b>Andre Seznec</b></h2><h3>dblp_id: 08/6044</h3><h3>DBLP URL: <a href='https://dblp.org/pid/08/6044'>https://dblp.org/pid/08/6044</a></h3><h3>Affiliation: INRIA</h3>,https://dblp.org/pid/08/6044,-0.8424,-0.5213,4,71,1103
138/4187,Akanksha Jain,"<h2><b>Akanksha Jain</b></h2><h3>dblp_id: 138/4187</h3><h3>DBLP URL: <a href='https://dblp.org/pid/138/4187'>https://dblp.org/pid/138/4187</a></h3><h3>Affiliation: Google, UT Austin, Univ of Texas at Austin</h3>",https://dblp.org/pid/138/4187,0.2293,-0.2716,3,40,479
y/JunYang2,Jun Yang,"<h2><b>Jun Yang</b></h2><h3>dblp_id: y/JunYang2</h3><h3>DBLP URL: <a href='https://dblp.org/pid/y/JunYang2'>https://dblp.org/pid/y/JunYang2</a></h3><h3>Affiliation: University of Pittsburgh, Pittsburgh</h3>",https://dblp.org/pid/y/JunYang2,1.3038,-0.206,1,100,1300
49/5144,Jose Joao,<h2><b>Jose Joao</b></h2><h3>dblp_id: 49/5144</h3><h3>DBLP URL: <a href='https://dblp.org/pid/49/5144'>https://dblp.org/pid/49/5144</a></h3><h3>Affiliation: Arm</h3>,https://dblp.org/pid/49/5144,1.3231,-0.0526,1,94,2516
08/6937,Yungang Bao,"<h2><b>Yungang Bao</b></h2><h3>dblp_id: 08/6937</h3><h3>DBLP URL: <a href='https://dblp.org/pid/08/6937'>https://dblp.org/pid/08/6937</a></h3><h3>Affiliation: ICT, CAS</h3>",https://dblp.org/pid/08/6937,1.2335,0.2952,1,63,1129
80/1641,Yiran Chen,<h2><b>Yiran Chen</b></h2><h3>dblp_id: 80/1641</h3><h3>DBLP URL: <a href='https://dblp.org/pid/80/1641'>https://dblp.org/pid/80/1641</a></h3><h3>Affiliation: Duke University</h3>,https://dblp.org/pid/80/1641,1.1547,-0.5025,1,83,2045
62/201,Yanjing Li,<h2><b>Yanjing Li</b></h2><h3>dblp_id: 62/201</h3><h3>DBLP URL: <a href='https://dblp.org/pid/62/201'>https://dblp.org/pid/62/201</a></h3><h3>Affiliation: University of Chicago</h3>,https://dblp.org/pid/62/201,0.8406,0.1371,1,79,1826
05/6204,Viji Srinivasan,"<h2><b>Viji Srinivasan</b></h2><h3>dblp_id: 05/6204</h3><h3>DBLP URL: <a href='https://dblp.org/pid/05/6204'>https://dblp.org/pid/05/6204</a></h3><h3>Affiliation: IBM Research, IBM</h3>",https://dblp.org/pid/05/6204,-0.4597,-0.0926,5,107,2829
91/1557,Tom Conte,<h2><b>Tom Conte</b></h2><h3>dblp_id: 91/1557</h3><h3>DBLP URL: <a href='https://dblp.org/pid/91/1557'>https://dblp.org/pid/91/1557</a></h3><h3>Affiliation: GATech</h3>,https://dblp.org/pid/91/1557,0.7272,0.1022,1,129,2514
a/ToddMAustin,Todd Austin,"<h2><b>Todd Austin</b></h2><h3>dblp_id: a/ToddMAustin</h3><h3>DBLP URL: <a href='https://dblp.org/pid/a/ToddMAustin'>https://dblp.org/pid/a/ToddMAustin</a></h3><h3>Affiliation: University of Michigan, Michigan</h3>",https://dblp.org/pid/a/ToddMAustin,0.1378,-0.6551,3,150,5729
s/TajanaSimunic,Tajana Rosing,<h2><b>Tajana Rosing</b></h2><h3>dblp_id: s/TajanaSimunic</h3><h3>DBLP URL: <a href='https://dblp.org/pid/s/TajanaSimunic'>https://dblp.org/pid/s/TajanaSimunic</a></h3><h3>Affiliation: UCSD</h3>,https://dblp.org/pid/s/TajanaSimunic,0.8109,-0.8677,1,51,1144
14/3973,Srini Devadas,<h2><b>Srini Devadas</b></h2><h3>dblp_id: 14/3973</h3><h3>DBLP URL: <a href='https://dblp.org/pid/14/3973'>https://dblp.org/pid/14/3973</a></h3><h3>Affiliation: Massachusetts Institute of Technology</h3>,https://dblp.org/pid/14/3973,0.0576,0.3875,2,129,3836
46/652,Simha Sethumadhavan,"<h2><b>Simha Sethumadhavan</b></h2><h3>dblp_id: 46/652</h3><h3>DBLP URL: <a href='https://dblp.org/pid/46/652'>https://dblp.org/pid/46/652</a></h3><h3>Affiliation: Columbia, Columbia University/Chip Scan</h3>",https://dblp.org/pid/46/652,-0.0977,0.245,2,68,1573
04/7001,Sangyeun Cho,<h2><b>Sangyeun Cho</b></h2><h3>dblp_id: 04/7001</h3><h3>DBLP URL: <a href='https://dblp.org/pid/04/7001'>https://dblp.org/pid/04/7001</a></h3><h3>Affiliation: Samsung</h3>,https://dblp.org/pid/04/7001,1.3223,0.1334,1,61,1121
159/0037,Rujia Wang,<h2><b>Rujia Wang</b></h2><h3>dblp_id: 159/0037</h3><h3>DBLP URL: <a href='https://dblp.org/pid/159/0037'>https://dblp.org/pid/159/0037</a></h3><h3>Affiliation: Illinois Institute of Technology</h3>,https://dblp.org/pid/159/0037,0.4943,0.501,4,14,151
272/8776,R. Govindarajan,<h2><b>R. Govindarajan</b></h2><h3>dblp_id: 272/8776</h3><h3>DBLP URL: <a href='https://dblp.org/pid/272/8776'>https://dblp.org/pid/272/8776</a></h3><h3>Affiliation: IISc</h3>,https://dblp.org/pid/272/8776,0.6193,-0.6571,1,14,280
40/231,Niranjan Soundararajan,<h2><b>Niranjan Soundararajan</b></h2><h3>dblp_id: 40/231</h3><h3>DBLP URL: <a href='https://dblp.org/pid/40/231'>https://dblp.org/pid/40/231</a></h3><h3>Affiliation: Intel</h3>,https://dblp.org/pid/40/231,0.5639,-0.7411,1,89,2951
163/0027,Nandita Vijaykumar,"<h2><b>Nandita Vijaykumar</b></h2><h3>dblp_id: 163/0027</h3><h3>DBLP URL: <a href='https://dblp.org/pid/163/0027'>https://dblp.org/pid/163/0027</a></h3><h3>Affiliation: Toronto, University of Toronto</h3>",https://dblp.org/pid/163/0027,1.2015,0.0418,1,85,6014
115/6279,Myoungsoo Jung,<h2><b>Myoungsoo Jung</b></h2><h3>dblp_id: 115/6279</h3><h3>DBLP URL: <a href='https://dblp.org/pid/115/6279'>https://dblp.org/pid/115/6279</a></h3><h3>Affiliation: Korea Advanced Institute of Science and Technology (KAIST)</h3>,https://dblp.org/pid/115/6279,0.3538,-0.4718,1,76,2854
33/65,Mohit Tiwari,"<h2><b>Mohit Tiwari</b></h2><h3>dblp_id: 33/65</h3><h3>DBLP URL: <a href='https://dblp.org/pid/33/65'>https://dblp.org/pid/33/65</a></h3><h3>Affiliation: UT Austin, University of Texas, Austin & Symmetry Systems, Inc</h3>",https://dblp.org/pid/33/65,0.3848,-0.119,3,122,3125
02/8105,Minsoo Rhu,<h2><b>Minsoo Rhu</b></h2><h3>dblp_id: 02/8105</h3><h3>DBLP URL: <a href='https://dblp.org/pid/02/8105'>https://dblp.org/pid/02/8105</a></h3><h3>Affiliation: KAIST</h3>,https://dblp.org/pid/02/8105,-0.3663,0.1957,2,113,3363
52/10063,Jason Clemons,<h2><b>Jason Clemons</b></h2><h3>dblp_id: 52/10063</h3><h3>DBLP URL: <a href='https://dblp.org/pid/52/10063'>https://dblp.org/pid/52/10063</a></h3><h3>Affiliation: NVIDIA</h3>,https://dblp.org/pid/52/10063,-0.1332,0.328,2,76,2572
83/5240,Jaehyuk Huh,<h2><b>Jaehyuk Huh</b></h2><h3>dblp_id: 83/5240</h3><h3>DBLP URL: <a href='https://dblp.org/pid/83/5240'>https://dblp.org/pid/83/5240</a></h3><h3>Affiliation: KAIST</h3>,https://dblp.org/pid/83/5240,-0.0967,0.1351,2,80,1855
00/809,Hadi Esmaeilzadeh,<h2><b>Hadi Esmaeilzadeh</b></h2><h3>dblp_id: 00/809</h3><h3>DBLP URL: <a href='https://dblp.org/pid/00/809'>https://dblp.org/pid/00/809</a></h3><h3>Affiliation: UCSD</h3>,https://dblp.org/pid/00/809,0.2593,0.0553,2,132,4607
87/5080-1,Eun Jung Kim,<h2><b>Eun Jung Kim</b></h2><h3>dblp_id: 87/5080-1</h3><h3>DBLP URL: <a href='https://dblp.org/pid/87/5080-1'>https://dblp.org/pid/87/5080-1</a></h3><h3>Affiliation: TAMU</h3>,https://dblp.org/pid/87/5080-1,0.7598,-0.7718,1,48,1495
i/EnginIpek,Engin Ipek,<h2><b>Engin Ipek</b></h2><h3>dblp_id: i/EnginIpek</h3><h3>DBLP URL: <a href='https://dblp.org/pid/i/EnginIpek'>https://dblp.org/pid/i/EnginIpek</a></h3><h3>Affiliation: Qualcomm</h3>,https://dblp.org/pid/i/EnginIpek,1.2189,0.1693,1,52,1682
165/4503,Emre Ozer,<h2><b>Emre Ozer</b></h2><h3>dblp_id: 165/4503</h3><h3>DBLP URL: <a href='https://dblp.org/pid/165/4503'>https://dblp.org/pid/165/4503</a></h3><h3>Affiliation: ARM</h3>,https://dblp.org/pid/165/4503,0.6454,-0.4976,1,16,162
36/3251,Dan Alistarh,<h2><b>Dan Alistarh</b></h2><h3>dblp_id: 36/3251</h3><h3>DBLP URL: <a href='https://dblp.org/pid/36/3251'>https://dblp.org/pid/36/3251</a></h3><h3>Affiliation: IST</h3>,https://dblp.org/pid/36/3251,1.2972,0.2355,1,64,1172
20/4601,Christopher Batten,<h2><b>Christopher Batten</b></h2><h3>dblp_id: 20/4601</h3><h3>DBLP URL: <a href='https://dblp.org/pid/20/4601'>https://dblp.org/pid/20/4601</a></h3><h3>Affiliation: Cornell</h3>,https://dblp.org/pid/20/4601,0.0141,-0.6227,3,65,1809
01/1397,Avi Mendelson,"<h2><b>Avi Mendelson</b></h2><h3>dblp_id: 01/1397</h3><h3>DBLP URL: <a href='https://dblp.org/pid/01/1397'>https://dblp.org/pid/01/1397</a></h3><h3>Affiliation: Technion, Prof.</h3>",https://dblp.org/pid/01/1397,0.8444,0.0411,1,89,1822
72/3356,Anand Sivasubramaniam,"<h2><b>Anand Sivasubramaniam</b></h2><h3>dblp_id: 72/3356</h3><h3>DBLP URL: <a href='https://dblp.org/pid/72/3356'>https://dblp.org/pid/72/3356</a></h3><h3>Affiliation: Penn State, Pennsylvania State University, Penn State University</h3>",https://dblp.org/pid/72/3356,0.7296,-0.6213,1,119,6799
133/9875,Amir Ziabari,<h2><b>Amir Ziabari</b></h2><h3>dblp_id: 133/9875</h3><h3>DBLP URL: <a href='https://dblp.org/pid/133/9875'>https://dblp.org/pid/133/9875</a></h3><h3>Affiliation: AMD</h3>,https://dblp.org/pid/133/9875,0.1692,-0.4569,4,48,1148
134/8720,Jaekyu Lee,<h2><b>Jaekyu Lee</b></h2><h3>dblp_id: 134/8720</h3><h3>DBLP URL: <a href='https://dblp.org/pid/134/8720'>https://dblp.org/pid/134/8720</a></h3><h3>Affiliation: Arm</h3>,https://dblp.org/pid/134/8720,0.6502,0.7003,1,52,1227
35/6413,Dam Sunwoo,<h2><b>Dam Sunwoo</b></h2><h3>dblp_id: 35/6413</h3><h3>DBLP URL: <a href='https://dblp.org/pid/35/6413'>https://dblp.org/pid/35/6413</a></h3><h3>Affiliation: Arm</h3>,https://dblp.org/pid/35/6413,0.1988,-0.2013,3,76,1340
89/6105,Yoav Etsion,<h2><b>Yoav Etsion</b></h2><h3>dblp_id: 89/6105</h3><h3>DBLP URL: <a href='https://dblp.org/pid/89/6105'>https://dblp.org/pid/89/6105</a></h3><h3>Affiliation: Technion/Speedata</h3>,https://dblp.org/pid/89/6105,0.2202,-0.0394,3,49,554
39/2917,Simone Campanoni,<h2><b>Simone Campanoni</b></h2><h3>dblp_id: 39/2917</h3><h3>DBLP URL: <a href='https://dblp.org/pid/39/2917'>https://dblp.org/pid/39/2917</a></h3><h3>Affiliation: Northwestern University</h3>,https://dblp.org/pid/39/2917,-0.7531,0.1319,5,83,1932
34/3071,Mainak Chaudhuri,"<h2><b>Mainak Chaudhuri</b></h2><h3>dblp_id: 34/3071</h3><h3>DBLP URL: <a href='https://dblp.org/pid/34/3071'>https://dblp.org/pid/34/3071</a></h3><h3>Affiliation: IIT Kanpur, Indian Institute of Technology Kanpur</h3>",https://dblp.org/pid/34/3071,0.4432,-0.6654,1,18,307
178/3219,Elvira Teran,<h2><b>Elvira Teran</b></h2><h3>dblp_id: 178/3219</h3><h3>DBLP URL: <a href='https://dblp.org/pid/178/3219'>https://dblp.org/pid/178/3219</a></h3><h3>Affiliation: Texas A&M University</h3>,https://dblp.org/pid/178/3219,0.3641,0.0263,2,25,524
76/11029,Ashish Venkat,"<h2><b>Ashish Venkat</b></h2><h3>dblp_id: 76/11029</h3><h3>DBLP URL: <a href='https://dblp.org/pid/76/11029'>https://dblp.org/pid/76/11029</a></h3><h3>Affiliation: Virginia, University of Virginia, UVA</h3>",https://dblp.org/pid/76/11029,0.3999,-0.6022,1,35,850
73/4692,Arrvindh Shriraman,"<h2><b>Arrvindh Shriraman</b></h2><h3>dblp_id: 73/4692</h3><h3>DBLP URL: <a href='https://dblp.org/pid/73/4692'>https://dblp.org/pid/73/4692</a></h3><h3>Affiliation: Simon Fraser University, Simon Fraser</h3>",https://dblp.org/pid/73/4692,-0.3369,-0.1079,5,53,893
09/5657,Edward Suh,<h2><b>Edward Suh</b></h2><h3>dblp_id: 09/5657</h3><h3>DBLP URL: <a href='https://dblp.org/pid/09/5657'>https://dblp.org/pid/09/5657</a></h3><h3>Affiliation: Cornell</h3>,https://dblp.org/pid/09/5657,-0.9655,0.4187,5,122,3051
44/11216,Zidong Du,"<h2><b>Zidong Du</b></h2><h3>dblp_id: 44/11216</h3><h3>DBLP URL: <a href='https://dblp.org/pid/44/11216'>https://dblp.org/pid/44/11216</a></h3><h3>Affiliation: ICT, CAS</h3>",https://dblp.org/pid/44/11216,-0.8461,-0.2339,4,41,729
62/1421,Sandhya Dwarkadas,"<h2><b>Sandhya Dwarkadas</b></h2><h3>dblp_id: 62/1421</h3><h3>DBLP URL: <a href='https://dblp.org/pid/62/1421'>https://dblp.org/pid/62/1421</a></h3><h3>Affiliation: University of Virginia, Rochester, University of Rochester</h3>",https://dblp.org/pid/62/1421,-0.4911,-0.0038,5,81,1909
71/5735,Keshav Pingali,<h2><b>Keshav Pingali</b></h2><h3>dblp_id: 71/5735</h3><h3>DBLP URL: <a href='https://dblp.org/pid/71/5735'>https://dblp.org/pid/71/5735</a></h3><h3>Affiliation: University of Texas - Austin</h3>,https://dblp.org/pid/71/5735,-0.0451,-0.0489,3,44,342
131/5131,Jingwen Leng,<h2><b>Jingwen Leng</b></h2><h3>dblp_id: 131/5131</h3><h3>DBLP URL: <a href='https://dblp.org/pid/131/5131'>https://dblp.org/pid/131/5131</a></h3><h3>Affiliation: Shanghai Jiao Tong University</h3>,https://dblp.org/pid/131/5131,-0.6376,0.0686,5,97,3231
146/9595,Ali Javadi-Abhari,<h2><b>Ali Javadi-Abhari</b></h2><h3>dblp_id: 146/9595</h3><h3>DBLP URL: <a href='https://dblp.org/pid/146/9595'>https://dblp.org/pid/146/9595</a></h3><h3>Affiliation: IBM</h3>,https://dblp.org/pid/146/9595,-0.0839,-0.3467,3,33,487
84/2225,Pierre Michaud,"<h2><b>Pierre Michaud</b></h2><h3>dblp_id: 84/2225</h3><h3>DBLP URL: <a href='https://dblp.org/pid/84/2225'>https://dblp.org/pid/84/2225</a></h3><h3>Affiliation: INRIA, Inria</h3>",https://dblp.org/pid/84/2225,-0.8797,-0.5955,4,30,840
53/1682,Mark Hempstead,<h2><b>Mark Hempstead</b></h2><h3>dblp_id: 53/1682</h3><h3>DBLP URL: <a href='https://dblp.org/pid/53/1682'>https://dblp.org/pid/53/1682</a></h3><h3>Affiliation: Tufts University</h3>,https://dblp.org/pid/53/1682,-1.0407,0.2378,5,54,1853
147/1005,Arthur Perais,<h2><b>Arthur Perais</b></h2><h3>dblp_id: 147/1005</h3><h3>DBLP URL: <a href='https://dblp.org/pid/147/1005'>https://dblp.org/pid/147/1005</a></h3><h3>Affiliation: Microsoft</h3>,https://dblp.org/pid/147/1005,-0.9925,-0.6472,4,24,1008
66/10033,Alexandra Jimborean,<h2><b>Alexandra Jimborean</b></h2><h3>dblp_id: 66/10033</h3><h3>DBLP URL: <a href='https://dblp.org/pid/66/10033'>https://dblp.org/pid/66/10033</a></h3><h3>Affiliation: Uppsala</h3>,https://dblp.org/pid/66/10033,-1.0609,-0.6115,4,17,1030
118/8964,Biswabandan Panda,<h2><b>Biswabandan Panda</b></h2><h3>dblp_id: 118/8964</h3><h3>DBLP URL: <a href='https://dblp.org/pid/118/8964'>https://dblp.org/pid/118/8964</a></h3><h3>Affiliation: IIT Bombay</h3>,https://dblp.org/pid/118/8964,-1.0567,-0.6711,4,14,306
201/5063,Kate Smith,<h2><b>Kate Smith</b></h2><h3>dblp_id: 201/5063</h3><h3>DBLP URL: <a href='https://dblp.org/pid/201/5063'>https://dblp.org/pid/201/5063</a></h3><h3>Affiliation: Chicago</h3>,https://dblp.org/pid/201/5063,-0.3821,-0.3332,3,34,382
127/9591,Yufei Ding,<h2><b>Yufei Ding</b></h2><h3>dblp_id: 127/9591</h3><h3>DBLP URL: <a href='https://dblp.org/pid/127/9591'>https://dblp.org/pid/127/9591</a></h3><h3>Affiliation: UC Santa Barbara</h3>,https://dblp.org/pid/127/9591,0.3274,-0.0489,4,43,703
42/7272,Nathan Beckmann,<h2><b>Nathan Beckmann</b></h2><h3>dblp_id: 42/7272</h3><h3>DBLP URL: <a href='https://dblp.org/pid/42/7272'>https://dblp.org/pid/42/7272</a></h3><h3>Affiliation: CMU</h3>,https://dblp.org/pid/42/7272,-0.2359,0.0087,2,28,353
157/2812,Jonathan Balkind,"<h2><b>Jonathan Balkind</b></h2><h3>dblp_id: 157/2812</h3><h3>DBLP URL: <a href='https://dblp.org/pid/157/2812'>https://dblp.org/pid/157/2812</a></h3><h3>Affiliation: UC Santa Barbara, UCSBPrinceton</h3>",https://dblp.org/pid/157/2812,-0.1499,-0.3002,3,26,418
233/5121,Jae W. Lee,<h2><b>Jae W. Lee</b></h2><h3>dblp_id: 233/5121</h3><h3>DBLP URL: <a href='https://dblp.org/pid/233/5121'>https://dblp.org/pid/233/5121</a></h3><h3>Affiliation: Seoul National University / Google</h3>,https://dblp.org/pid/233/5121,-0.1602,-0.3788,3,92,2216
49/4239,David Wentzlaff,"<h2><b>David Wentzlaff</b></h2><h3>dblp_id: 49/4239</h3><h3>DBLP URL: <a href='https://dblp.org/pid/49/4239'>https://dblp.org/pid/49/4239</a></h3><h3>Affiliation: Princeton, Princeton University</h3>",https://dblp.org/pid/49/4239,-0.1997,-0.3148,3,31,445
135/8203,Brandon Reagen,<h2><b>Brandon Reagen</b></h2><h3>dblp_id: 135/8203</h3><h3>DBLP URL: <a href='https://dblp.org/pid/135/8203'>https://dblp.org/pid/135/8203</a></h3><h3>Affiliation: NYU</h3>,https://dblp.org/pid/135/8203,-0.919,0.2106,5,90,3754
66/190-9,Chao Li,<h2><b>Chao Li</b></h2><h3>dblp_id: 66/190-9</h3><h3>DBLP URL: <a href='https://dblp.org/pid/66/190-9'>https://dblp.org/pid/66/190-9</a></h3><h3>Affiliation: Shanghai Jiao Tong</h3>,https://dblp.org/pid/66/190-9,-0.814,0.5759,5,18,506
99/2747-1,Yuanyuan Zhou,<h2><b>Yuanyuan Zhou</b></h2><h3>dblp_id: 99/2747-1</h3><h3>DBLP URL: <a href='https://dblp.org/pid/99/2747-1'>https://dblp.org/pid/99/2747-1</a></h3><h3>Affiliation: UCSD</h3>,https://dblp.org/pid/99/2747-1,-0.3852,0.0637,4,38,526
97/3763,Russ Joseph,<h2><b>Russ Joseph</b></h2><h3>dblp_id: 97/3763</h3><h3>DBLP URL: <a href='https://dblp.org/pid/97/3763'>https://dblp.org/pid/97/3763</a></h3><h3>Affiliation: Northwestern</h3>,https://dblp.org/pid/97/3763,-1.0054,0.3169,5,29,509
21/4866,Ramon Canal,<h2><b>Ramon Canal</b></h2><h3>dblp_id: 21/4866</h3><h3>DBLP URL: <a href='https://dblp.org/pid/21/4866'>https://dblp.org/pid/21/4866</a></h3><h3>Affiliation: UPC</h3>,https://dblp.org/pid/21/4866,-1.0126,0.0659,5,57,916
53/7913,Newsha Ardalani,<h2><b>Newsha Ardalani</b></h2><h3>dblp_id: 53/7913</h3><h3>DBLP URL: <a href='https://dblp.org/pid/53/7913'>https://dblp.org/pid/53/7913</a></h3><h3>Affiliation: Baidu</h3>,https://dblp.org/pid/53/7913,-0.8966,0.3092,5,71,1699
z/MMZahran,Mohamed Zahran,<h2><b>Mohamed Zahran</b></h2><h3>dblp_id: z/MMZahran</h3><h3>DBLP URL: <a href='https://dblp.org/pid/z/MMZahran'>https://dblp.org/pid/z/MMZahran</a></h3><h3>Affiliation: New York University (NYU)</h3>,https://dblp.org/pid/z/MMZahran,-0.6413,-0.3435,5,28,361
19/2658,Kaoutar El Maghraoui,<h2><b>Kaoutar El Maghraoui</b></h2><h3>dblp_id: 19/2658</h3><h3>DBLP URL: <a href='https://dblp.org/pid/19/2658'>https://dblp.org/pid/19/2658</a></h3><h3>Affiliation: IBM Research</h3>,https://dblp.org/pid/19/2658,-0.5944,-0.3976,5,18,157
12/7785,Jeff Stuecheli,<h2><b>Jeff Stuecheli</b></h2><h3>dblp_id: 12/7785</h3><h3>DBLP URL: <a href='https://dblp.org/pid/12/7785'>https://dblp.org/pid/12/7785</a></h3><h3>Affiliation: IBM</h3>,https://dblp.org/pid/12/7785,-0.4884,-0.2869,5,45,1063
79/1691,Dimitris Gizopoulos,<h2><b>Dimitris Gizopoulos</b></h2><h3>dblp_id: 79/1691</h3><h3>DBLP URL: <a href='https://dblp.org/pid/79/1691'>https://dblp.org/pid/79/1691</a></h3><h3>Affiliation: Univ. of Athens</h3>,https://dblp.org/pid/79/1691,-0.6435,0.3705,5,62,938
131/5123,Christopher Torng,<h2><b>Christopher Torng</b></h2><h3>dblp_id: 131/5123</h3><h3>DBLP URL: <a href='https://dblp.org/pid/131/5123'>https://dblp.org/pid/131/5123</a></h3><h3>Affiliation: Stanford / USC</h3>,https://dblp.org/pid/131/5123,-0.3316,-0.4208,3,46,1101
56/4341,Bjoern Franke,<h2><b>Bjoern Franke</b></h2><h3>dblp_id: 56/4341</h3><h3>DBLP URL: <a href='https://dblp.org/pid/56/4341'>https://dblp.org/pid/56/4341</a></h3><h3>Affiliation: University of Edinburgh</h3>,https://dblp.org/pid/56/4341,-0.2773,-0.9147,3,24,756
07/167,Balaram Sinharoy,<h2><b>Balaram Sinharoy</b></h2><h3>dblp_id: 07/167</h3><h3>DBLP URL: <a href='https://dblp.org/pid/07/167'>https://dblp.org/pid/07/167</a></h3><h3>Affiliation: IBM</h3>,https://dblp.org/pid/07/167,-0.6751,-0.1806,5,25,671
58/11098,Tony Nowatzki,<h2><b>Tony Nowatzki</b></h2><h3>dblp_id: 58/11098</h3><h3>DBLP URL: <a href='https://dblp.org/pid/58/11098'>https://dblp.org/pid/58/11098</a></h3><h3>Affiliation: UCLA</h3>,https://dblp.org/pid/58/11098,-0.1735,0.1994,2,68,1150
c/JasonCong,Jason Cong,<h2><b>Jason Cong</b></h2><h3>dblp_id: c/JasonCong</h3><h3>DBLP URL: <a href='https://dblp.org/pid/c/JasonCong'>https://dblp.org/pid/c/JasonCong</a></h3><h3>Affiliation: UCLA</h3>,https://dblp.org/pid/c/JasonCong,-0.7988,-0.2896,4,59,740
48/2905,Per Stenstrom,<h2><b>Per Stenstrom</b></h2><h3>dblp_id: 48/2905</h3><h3>DBLP URL: <a href='https://dblp.org/pid/48/2905'>https://dblp.org/pid/48/2905</a></h3><h3>Affiliation: Chalmers</h3>,https://dblp.org/pid/48/2905,-0.6923,-0.6862,4,33,299
04/9508,Tim Rogers,<h2><b>Tim Rogers</b></h2><h3>dblp_id: 04/9508</h3><h3>DBLP URL: <a href='https://dblp.org/pid/04/9508'>https://dblp.org/pid/04/9508</a></h3><h3>Affiliation: Purdue University</h3>,https://dblp.org/pid/04/9508,0.4038,0.7741,4,14,129
23/7512,Shuaiwen Leon Song,<h2><b>Shuaiwen Leon Song</b></h2><h3>dblp_id: 23/7512</h3><h3>DBLP URL: <a href='https://dblp.org/pid/23/7512'>https://dblp.org/pid/23/7512</a></h3><h3>Affiliation: University of Sydney</h3>,https://dblp.org/pid/23/7512,0.4701,0.5495,4,14,202
70/8170,Zhibin Yu,<h2><b>Zhibin Yu</b></h2><h3>dblp_id: 70/8170</h3><h3>DBLP URL: <a href='https://dblp.org/pid/70/8170'>https://dblp.org/pid/70/8170</a></h3><h3>Affiliation: SIAT</h3>,https://dblp.org/pid/70/8170,0.6302,0.0749,1,13,65
25/4266,T. N. Vijaykumar,"<h2><b>T. N. Vijaykumar</b></h2><h3>dblp_id: 25/4266</h3><h3>DBLP URL: <a href='https://dblp.org/pid/25/4266'>https://dblp.org/pid/25/4266</a></h3><h3>Affiliation: Purdue, Purdue University</h3>",https://dblp.org/pid/25/4266,0.6112,0.4947,1,28,582
09/10702,Nagendra Gulur,<h2><b>Nagendra Gulur</b></h2><h3>dblp_id: 09/10702</h3><h3>DBLP URL: <a href='https://dblp.org/pid/09/10702'>https://dblp.org/pid/09/10702</a></h3><h3>Affiliation: UNT</h3>,https://dblp.org/pid/09/10702,0.1905,-0.3064,4,21,294
127/3057,Jonathan Beard,<h2><b>Jonathan Beard</b></h2><h3>dblp_id: 127/3057</h3><h3>DBLP URL: <a href='https://dblp.org/pid/127/3057'>https://dblp.org/pid/127/3057</a></h3><h3>Affiliation: Arm</h3>,https://dblp.org/pid/127/3057,0.1283,-0.2361,4,21,278
36/134,Byeong Kil Lee,"<h2><b>Byeong Kil Lee</b></h2><h3>dblp_id: 36/134</h3><h3>DBLP URL: <a href='https://dblp.org/pid/36/134'>https://dblp.org/pid/36/134</a></h3><h3>Affiliation: University of Colorado Colorado Springs (UCCS), Colorado State</h3>",https://dblp.org/pid/36/134,0.1665,-0.2567,4,21,395
04/3696,Dionisios Pnevmatikatos,<h2><b>Dionisios Pnevmatikatos</b></h2><h3>dblp_id: 04/3696</h3><h3>DBLP URL: <a href='https://dblp.org/pid/04/3696'>https://dblp.org/pid/04/3696</a></h3><h3>Affiliation: FORTH & Technical University of Crete</h3>,https://dblp.org/pid/04/3696,-0.4405,-0.8248,3,53,894
330/5064,Andrew Hilton,<h2><b>Andrew Hilton</b></h2><h3>dblp_id: 330/5064</h3><h3>DBLP URL: <a href='https://dblp.org/pid/330/5064'>https://dblp.org/pid/330/5064</a></h3><h3>Affiliation: Duke</h3>,https://dblp.org/pid/330/5064,-0.5496,0.5653,2,3,33
64/992,Shubu Mukherjee,"<h2><b>Shubu Mukherjee</b></h2><h3>dblp_id: 64/992</h3><h3>DBLP URL: <a href='https://dblp.org/pid/64/992'>https://dblp.org/pid/64/992</a></h3><h3>Affiliation: Vice President, SiFive Inc</h3>",https://dblp.org/pid/64/992,-0.0017,-0.9144,3,42,417
39/7863,Shreesha Srinath,<h2><b>Shreesha Srinath</b></h2><h3>dblp_id: 39/7863</h3><h3>DBLP URL: <a href='https://dblp.org/pid/39/7863'>https://dblp.org/pid/39/7863</a></h3><h3>Affiliation: Cornell University</h3>,https://dblp.org/pid/39/7863,-0.262,0.2259,2,34,710
12/6041,Arka Basu,<h2><b>Arka Basu</b></h2><h3>dblp_id: 12/6041</h3><h3>DBLP URL: <a href='https://dblp.org/pid/12/6041'>https://dblp.org/pid/12/6041</a></h3><h3>Affiliation: IISc</h3>,https://dblp.org/pid/12/6041,-0.5139,0.6101,2,8,125
09/9299,Subhasis Das,<h2><b>Subhasis Das</b></h2><h3>dblp_id: 09/9299</h3><h3>DBLP URL: <a href='https://dblp.org/pid/09/9299'>https://dblp.org/pid/09/9299</a></h3><h3>Affiliation: Zoox</h3>,https://dblp.org/pid/09/9299,-0.434,0.2495,2,9,96
76/1857-1,Hung-Wei Tseng,"<h2><b>Hung-Wei Tseng</b></h2><h3>dblp_id: 76/1857-1</h3><h3>DBLP URL: <a href='https://dblp.org/pid/76/1857-1'>https://dblp.org/pid/76/1857-1</a></h3><h3>Affiliation: UC Riverside, University of California, Riverside</h3>",https://dblp.org/pid/76/1857-1,0.3755,-0.5623,1,20,268
88/2818,Magnus Jahre,<h2><b>Magnus Jahre</b></h2><h3>dblp_id: 88/2818</h3><h3>DBLP URL: <a href='https://dblp.org/pid/88/2818'>https://dblp.org/pid/88/2818</a></h3><h3>Affiliation: NTNU</h3>,https://dblp.org/pid/88/2818,-1.0009,-0.3101,4,14,595
m/MarthaMercaldi,Martha Kim,<h2><b>Martha Kim</b></h2><h3>dblp_id: m/MarthaMercaldi</h3><h3>DBLP URL: <a href='https://dblp.org/pid/m/MarthaMercaldi'>https://dblp.org/pid/m/MarthaMercaldi</a></h3><h3>Affiliation: Columbia</h3>,https://dblp.org/pid/m/MarthaMercaldi,-0.0015,-0.5478,3,27,319
23/3943,Lisa Wu Wills,"<h2><b>Lisa Wu Wills</b></h2><h3>dblp_id: 23/3943</h3><h3>DBLP URL: <a href='https://dblp.org/pid/23/3943'>https://dblp.org/pid/23/3943</a></h3><h3>Affiliation: Duke University, Duke</h3>",https://dblp.org/pid/23/3943,-0.1261,-0.4762,3,40,554
61/1146,Benjamin Lee,"<h2><b>Benjamin Lee</b></h2><h3>dblp_id: 61/1146</h3><h3>DBLP URL: <a href='https://dblp.org/pid/61/1146'>https://dblp.org/pid/61/1146</a></h3><h3>Affiliation: UPenn, U Penn</h3>",https://dblp.org/pid/61/1146,-1.0203,0.154,5,33,714
s/MaryLouSoffa,Mary Lou Soffa,<h2><b>Mary Lou Soffa</b></h2><h3>dblp_id: s/MaryLouSoffa</h3><h3>DBLP URL: <a href='https://dblp.org/pid/s/MaryLouSoffa'>https://dblp.org/pid/s/MaryLouSoffa</a></h3><h3>Affiliation: University of Virginia</h3>,https://dblp.org/pid/s/MaryLouSoffa,-0.4909,-0.4747,3,36,545
71/2760,Bilha Mendelson,<h2><b>Bilha Mendelson</b></h2><h3>dblp_id: 71/2760</h3><h3>DBLP URL: <a href='https://dblp.org/pid/71/2760'>https://dblp.org/pid/71/2760</a></h3><h3>Affiliation: Optitura</h3>,https://dblp.org/pid/71/2760,-0.6916,-0.5215,4,7,44
261/1987,YANG SEOK KI,<h2><b>YANG SEOK KI</b></h2><h3>dblp_id: 261/1987</h3><h3>DBLP URL: <a href='https://dblp.org/pid/261/1987'>https://dblp.org/pid/261/1987</a></h3><h3>Affiliation: Samsung Electronics</h3>,https://dblp.org/pid/261/1987,0.4092,0.04,2,17,194
118/7680,Carmen G. Almudever,<h2><b>Carmen G. Almudever</b></h2><h3>dblp_id: 118/7680</h3><h3>DBLP URL: <a href='https://dblp.org/pid/118/7680'>https://dblp.org/pid/118/7680</a></h3><h3>Affiliation: Technical University of Valencia</h3>,https://dblp.org/pid/118/7680,-1.0742,0.7857,5,6,106
86/903,Cristina Silvano,<h2><b>Cristina Silvano</b></h2><h3>dblp_id: 86/903</h3><h3>DBLP URL: <a href='https://dblp.org/pid/86/903'>https://dblp.org/pid/86/903</a></h3><h3>Affiliation: Politecnico di Milano</h3>,https://dblp.org/pid/86/903,-1.0823,0.7928,5,1,52
95/7061,Scott Beamer,<h2><b>Scott Beamer</b></h2><h3>dblp_id: 95/7061</h3><h3>DBLP URL: <a href='https://dblp.org/pid/95/7061'>https://dblp.org/pid/95/7061</a></h3><h3>Affiliation: UCSC</h3>,https://dblp.org/pid/95/7061,-0.0332,-0.3614,3,25,591
28/273,Lide Duan,<h2><b>Lide Duan</b></h2><h3>dblp_id: 28/273</h3><h3>DBLP URL: <a href='https://dblp.org/pid/28/273'>https://dblp.org/pid/28/273</a></h3><h3>Affiliation: Alibaba</h3>,https://dblp.org/pid/28/273,0.5548,-0.3218,1,4,61
m/SedaOgrenciMemik,Seda Ogrenci-Memik,<h2><b>Seda Ogrenci-Memik</b></h2><h3>dblp_id: m/SedaOgrenciMemik</h3><h3>DBLP URL: <a href='https://dblp.org/pid/m/SedaOgrenciMemik'>https://dblp.org/pid/m/SedaOgrenciMemik</a></h3><h3>Affiliation: Northwestern</h3>,https://dblp.org/pid/m/SedaOgrenciMemik,-0.2474,-0.1135,4,17,388
27/2064,Daniel Sorin,<h2><b>Daniel Sorin</b></h2><h3>dblp_id: 27/2064</h3><h3>DBLP URL: <a href='https://dblp.org/pid/27/2064'>https://dblp.org/pid/27/2064</a></h3><h3>Affiliation: Duke</h3>,https://dblp.org/pid/27/2064,-0.401,0.6292,2,10,110
44/9607-1,Tyler Sorensen,<h2><b>Tyler Sorensen</b></h2><h3>dblp_id: 44/9607-1</h3><h3>DBLP URL: <a href='https://dblp.org/pid/44/9607-1'>https://dblp.org/pid/44/9607-1</a></h3><h3>Affiliation: Princeton University</h3>,https://dblp.org/pid/44/9607-1,-0.4053,0.6405,2,1,7
30/135,David Brooks,<h2><b>David Brooks</b></h2><h3>dblp_id: 30/135</h3><h3>DBLP URL: <a href='https://dblp.org/pid/30/135'>https://dblp.org/pid/30/135</a></h3><h3>Affiliation: Harvard</h3>,https://dblp.org/pid/30/135,-0.9949,0.5258,5,14,1273
191/7793-1,Dimitrios Skarlatos,"<h2><b>Dimitrios Skarlatos</b></h2><h3>dblp_id: 191/7793-1</h3><h3>DBLP URL: <a href='https://dblp.org/pid/191/7793-1'>https://dblp.org/pid/191/7793-1</a></h3><h3>Affiliation: Carnegie Mellon University, CMU</h3>",https://dblp.org/pid/191/7793-1,-1.0157,-0.1229,4,3,40
01/2416,Dimitrios Pendarakis,<h2><b>Dimitrios Pendarakis</b></h2><h3>dblp_id: 01/2416</h3><h3>DBLP URL: <a href='https://dblp.org/pid/01/2416'>https://dblp.org/pid/01/2416</a></h3><h3>Affiliation: IBM</h3>,https://dblp.org/pid/01/2416,-0.6001,-0.4197,5,2,22
31/6601-1,Haibo Chen,<h2><b>Haibo Chen</b></h2><h3>dblp_id: 31/6601-1</h3><h3>DBLP URL: <a href='https://dblp.org/pid/31/6601-1'>https://dblp.org/pid/31/6601-1</a></h3><h3>Affiliation: Shanghai Jiao Tong University</h3>,https://dblp.org/pid/31/6601-1,-1.1625,0.4458,5,11,41
46/2933-1,Frank Mueller,<h2><b>Frank Mueller</b></h2><h3>dblp_id: 46/2933-1</h3><h3>DBLP URL: <a href='https://dblp.org/pid/46/2933-1'>https://dblp.org/pid/46/2933-1</a></h3><h3>Affiliation: NCSU</h3>,https://dblp.org/pid/46/2933-1,0.4144,-0.343,1,4,55
191/7792,Tamara Silbergleit Lehman,<h2><b>Tamara Silbergleit Lehman</b></h2><h3>dblp_id: 191/7792</h3><h3>DBLP URL: <a href='https://dblp.org/pid/191/7792'>https://dblp.org/pid/191/7792</a></h3><h3>Affiliation: CU Boulder</h3>,https://dblp.org/pid/191/7792,-0.4513,-0.4278,5,5,24
159/0073,Prashant Nair,"<h2><b>Prashant Nair</b></h2><h3>dblp_id: 159/0073</h3><h3>DBLP URL: <a href='https://dblp.org/pid/159/0073'>https://dblp.org/pid/159/0073</a></h3><h3>Affiliation: UBC, University of British Columbia</h3>",https://dblp.org/pid/159/0073,1.2645,-0.1435,1,13,447
166/8752,Jay Gambetta,<h2><b>Jay Gambetta</b></h2><h3>dblp_id: 166/8752</h3><h3>DBLP URL: <a href='https://dblp.org/pid/166/8752'>https://dblp.org/pid/166/8752</a></h3><h3>Affiliation: IBM Research</h3>,https://dblp.org/pid/166/8752,-0.3981,-0.3837,3,6,53
77/277,Parijat Dube,<h2><b>Parijat Dube</b></h2><h3>dblp_id: 77/277</h3><h3>DBLP URL: <a href='https://dblp.org/pid/77/277'>https://dblp.org/pid/77/277</a></h3><h3>Affiliation: IBM Research</h3>,https://dblp.org/pid/77/277,-0.3982,-0.0865,5,5,40
62/852,Koji Inoue,"<h2><b>Koji Inoue</b></h2><h3>dblp_id: 62/852</h3><h3>DBLP URL: <a href='https://dblp.org/pid/62/852'>https://dblp.org/pid/62/852</a></h3><h3>Affiliation: Kyushu University, Kyushu</h3>",https://dblp.org/pid/62/852,-0.2587,-0.2288,3,8,100
168/1953,Yipeng Huang,"<h2><b>Yipeng Huang</b></h2><h3>dblp_id: 168/1953</h3><h3>DBLP URL: <a href='https://dblp.org/pid/168/1953'>https://dblp.org/pid/168/1953</a></h3><h3>Affiliation: Rutgers University, Princeton University</h3>",https://dblp.org/pid/168/1953,-0.0032,0.4492,2,10,192
66/8277,Jakub Szefer,<h2><b>Jakub Szefer</b></h2><h3>dblp_id: 66/8277</h3><h3>DBLP URL: <a href='https://dblp.org/pid/66/8277'>https://dblp.org/pid/66/8277</a></h3><h3>Affiliation: Yale</h3>,https://dblp.org/pid/66/8277,-1.1596,0.4539,5,2,38
70/8398,James Smith,<h2><b>James Smith</b></h2><h3>dblp_id: 70/8398</h3><h3>DBLP URL: <a href='https://dblp.org/pid/70/8398'>https://dblp.org/pid/70/8398</a></h3><h3>Affiliation: Wisconsin Emeritus</h3>,https://dblp.org/pid/70/8398,-1.0674,-0.3646,4,11,259
49/6002,Jian Chen,<h2><b>Jian Chen</b></h2><h3>dblp_id: 49/6002</h3><h3>DBLP URL: <a href='https://dblp.org/pid/49/6002'>https://dblp.org/pid/49/6002</a></h3><h3>Affiliation: Alibaba</h3>,https://dblp.org/pid/49/6002,0.4977,-0.3097,1,1,19
181/2820-73,Jing (Jane) Li,<h2><b>Jing (Jane) Li</b></h2><h3>dblp_id: 181/2820-73</h3><h3>DBLP URL: <a href='https://dblp.org/pid/181/2820-73'>https://dblp.org/pid/181/2820-73</a></h3><h3>Affiliation: UPenn</h3>,https://dblp.org/pid/181/2820-73,1.2593,-0.28,1,9,784
96/5203,Lei Liu,"<h2><b>Lei Liu</b></h2><h3>dblp_id: 96/5203</h3><h3>DBLP URL: <a href='https://dblp.org/pid/96/5203'>https://dblp.org/pid/96/5203</a></h3><h3>Affiliation: Beihang University, ICT, CAS</h3>",https://dblp.org/pid/96/5203,1.298,-0.3024,1,1,4
91/4347,John Carter,"<h2><b>John Carter</b></h2><h3>dblp_id: 91/4347</h3><h3>DBLP URL: <a href='https://dblp.org/pid/91/4347'>https://dblp.org/pid/91/4347</a></h3><h3>Affiliation: IBM, IBM Research</h3>",https://dblp.org/pid/91/4347,0.5229,-0.3194,1,2,14
84/2198,Koen Bertels,<h2><b>Koen Bertels</b></h2><h3>dblp_id: 84/2198</h3><h3>DBLP URL: <a href='https://dblp.org/pid/84/2198'>https://dblp.org/pid/84/2198</a></h3><h3>Affiliation: TU Delft</h3>,https://dblp.org/pid/84/2198,-1.055,0.0588,5,1,42
52/5615,Lixin Zhang,<h2><b>Lixin Zhang</b></h2><h3>dblp_id: 52/5615</h3><h3>DBLP URL: <a href='https://dblp.org/pid/52/5615'>https://dblp.org/pid/52/5615</a></h3><h3>Affiliation: Institute of Computing Technology</h3>,https://dblp.org/pid/52/5615,0.9362,-0.8012,3,2,4
145/9497,Opeoluwa Matthews,<h2><b>Opeoluwa Matthews</b></h2><h3>dblp_id: 145/9497</h3><h3>DBLP URL: <a href='https://dblp.org/pid/145/9497'>https://dblp.org/pid/145/9497</a></h3><h3>Affiliation: Apple</h3>,https://dblp.org/pid/145/9497,-0.4191,0.5755,2,1,21
06/6147-2,Martin Maas,<h2><b>Martin Maas</b></h2><h3>dblp_id: 06/6147-2</h3><h3>DBLP URL: <a href='https://dblp.org/pid/06/6147-2'>https://dblp.org/pid/06/6147-2</a></h3><h3>Affiliation: Google</h3>,https://dblp.org/pid/06/6147-2,1.1879,-0.2737,1,5,69
137/0590,Mengjia Yan,<h2><b>Mengjia Yan</b></h2><h3>dblp_id: 137/0590</h3><h3>DBLP URL: <a href='https://dblp.org/pid/137/0590'>https://dblp.org/pid/137/0590</a></h3><h3>Affiliation: MIT</h3>,https://dblp.org/pid/137/0590,-1.0864,0.3931,4,4,54
47/1003,Milind Kulkarni,<h2><b>Milind Kulkarni</b></h2><h3>dblp_id: 47/1003</h3><h3>DBLP URL: <a href='https://dblp.org/pid/47/1003'>https://dblp.org/pid/47/1003</a></h3><h3>Affiliation: Purdue</h3>,https://dblp.org/pid/47/1003,-0.393,-0.349,3,1,6
231/2271,Mingyu Gao,<h2><b>Mingyu Gao</b></h2><h3>dblp_id: 231/2271</h3><h3>DBLP URL: <a href='https://dblp.org/pid/231/2271'>https://dblp.org/pid/231/2271</a></h3><h3>Affiliation: Tsinghua University</h3>,https://dblp.org/pid/231/2271,0.4828,-0.1453,3,3,39
181/2697,Rajiv Gupta,<h2><b>Rajiv Gupta</b></h2><h3>dblp_id: 181/2697</h3><h3>DBLP URL: <a href='https://dblp.org/pid/181/2697'>https://dblp.org/pid/181/2697</a></h3><h3>Affiliation: UC Riverside</h3>,https://dblp.org/pid/181/2697,0.5122,-0.2972,1,1,2
63/10720,Steve Reinhardt,<h2><b>Steve Reinhardt</b></h2><h3>dblp_id: 63/10720</h3><h3>DBLP URL: <a href='https://dblp.org/pid/63/10720'>https://dblp.org/pid/63/10720</a></h3><h3>Affiliation: Microsoft</h3>,https://dblp.org/pid/63/10720,-0.4629,0.5612,2,11,302
306/3466,Yuhao Zhu,<h2><b>Yuhao Zhu</b></h2><h3>dblp_id: 306/3466</h3><h3>DBLP URL: <a href='https://dblp.org/pid/306/3466'>https://dblp.org/pid/306/3466</a></h3><h3>Affiliation: Rochester</h3>,https://dblp.org/pid/306/3466,-0.8623,0.6116,5,8,215
